x-axis,1,4,4
second,Volt,Volt,Volt
-1.04999995227,2.66406,0.0386562,3.86562
-1.02684995227,2.66406,0.0384609,3.84609
-1.00369995227,2.66406,0.0390469,3.90469
-0.980549952267,2.66406,0.0380703,3.80703
-0.957399952267,2.625,0.0384609,3.84609
-0.934249952267,2.66406,0.0392422,3.92422
-0.911099952267,2.625,0.0392422,3.92422
-0.887949952267,2.625,0.0398281,3.98281
-0.864799952267,2.625,0.0388515,3.88515
-0.841649952267,2.625,0.0388515,3.88515
-0.818499952267,2.625,0.0394375,3.94375
-0.795349952267,2.625,0.0390469,3.90469
-0.772199952267,2.625,0.0400234,4.00234
-0.749049952267,2.58594,0.0406094,4.06094
-0.725899952267,2.58594,0.0404141,4.04141
-0.702749952267,2.58594,0.041,4.1
-0.679599952267,2.58594,0.0396328,3.96328
-0.656449952267,2.58594,0.0398281,3.98281
-0.633299952267,2.58594,0.0406094,4.06094
-0.610149952267,2.58594,0.0406094,4.06094
-0.586999952267,2.54688,0.0411953,4.11953
-0.563849952267,2.54688,0.041,4.1
-0.540699952267,2.54688,0.0417812,4.17812
-0.517549952267,2.54688,0.0423672,4.23672
-0.494399952267,2.54688,0.0413906,4.13906
-0.471249952267,2.54688,0.0421719,4.21719
-0.448099952267,2.54688,0.0421719,4.21719
-0.424949952268,2.54688,0.0423672,4.23672
-0.401799952267,2.54688,0.0431484,4.31484
-0.378649952267,2.50781,0.0427578,4.27578
-0.355499952267,2.50781,0.0423672,4.23672
-0.332349952267,2.54688,0.0423672,4.23672
-0.309199952267,2.50781,0.0423672,4.23672
-0.286049952267,2.50781,0.0431484,4.31484
-0.262899952267,2.50781,0.0429531,4.29531
-0.239749952267,2.50781,0.0437344,4.37344
-0.216599952267,2.50781,0.044125,4.4125
-0.193449952267,2.46875,0.043539,4.3539
-0.170299952267,2.46875,0.0443203,4.43203
-0.147149952267,2.50781,0.0445156,4.45156
-0.123999952267,2.46875,0.0449062,4.49062
-0.100849952268,2.46875,0.0454922,4.54922
-0.0776999522675,2.46875,0.0452969,4.52969
-0.0545499522675,2.97656,0.0558437,5.58437
-0.0313999522675,49.2266,0.185922,18.5922
-0.0082499522675,52.9766,0.0283047,2.83047
0.0149000477325,53.4453,-0.00939065,-0.939065
0.0380500477325,53.6406,-0.0105625,-1.05625
0.0612000477325,53.7188,-0.0101719,-1.01719
0.0843500477325,53.7969,-0.00958595,-0.958595
0.107500047732,53.8359,-0.0101719,-1.01719
0.130650047732,53.8359,-0.0101719,-1.01719
0.153800047732,53.875,-0.0101719,-1.01719
0.176950047732,53.8359,-0.00997657,-0.997657
0.200100047732,53.875,-0.00939065,-0.939065
0.223250047732,53.875,-0.0101719,-1.01719
0.246400047732,53.875,-0.00939065,-0.939065
0.269550047732,53.9141,-0.009,-0.9
0.292700047732,53.9141,-0.00978127,-0.978127
0.315850047732,53.9141,-0.00939065,-0.939065
0.339000047732,53.9141,-0.0101719,-1.01719
0.362150047732,53.9141,-0.00978127,-0.978127
0.385300047732,53.9531,-0.00939065,-0.939065
0.408450047732,53.9141,-0.0103672,-1.03672
0.431600047732,53.9141,-0.0103672,-1.03672
0.454750047732,53.9531,-0.0107578,-1.07578
0.477900047732,53.9141,-0.0111485,-1.11485
0.501050047732,53.9531,-0.0103672,-1.03672
0.524200047732,53.9531,-0.0105625,-1.05625
0.547350047732,53.9141,-0.00997657,-0.997657
0.570500047732,53.9531,-0.00958595,-0.958595
0.593650047732,53.9141,-0.00978127,-0.978127
0.616800047733,53.9531,-0.00939065,-0.939065
0.639950047732,53.9531,-0.00997657,-0.997657
0.663100047732,53.9141,-0.00958595,-0.958595
0.686250047732,53.9531,-0.00958595,-0.958595
0.709400047733,53.9531,-0.00958595,-0.958595
0.732550047732,53.9531,-0.0101719,-1.01719
0.755700047732,53.9531,-0.0105625,-1.05625
0.778850047732,53.9531,-0.00997657,-0.997657
0.802000047733,53.9531,-0.00978127,-0.978127
0.825150047732,53.9531,-0.0107578,-1.07578
0.848300047732,53.9531,-0.0105625,-1.05625
0.871450047732,53.9531,-0.0113438,-1.13438
0.894600047732,53.9531,-0.0111485,-1.11485
0.917750047732,53.9531,-0.0105625,-1.05625
0.940900047732,53.9531,-0.0105625,-1.05625
0.964050047732,53.9531,-0.00997657,-0.997657
0.987200047733,53.9922,-0.00978127,-0.978127
1.01035004773,53.9531,-0.00978127,-0.978127
1.03350004773,53.9531,-0.00958595,-0.958595
1.05665004773,53.9531,-0.0103672,-1.03672
1.07980004773,53.9531,-0.0101719,-1.01719
1.10295004773,53.9922,-0.00939065,-0.939065
1.12610004773,53.9531,-0.0107578,-1.07578
1.14925004773,53.9531,-0.0103672,-1.03672
1.17240004773,53.9531,-0.0103672,-1.03672
1.19555004773,53.9531,-0.0107578,-1.07578
1.21870004773,53.9531,-0.0101719,-1.01719
1.24185004773,53.9531,-0.0115391,-1.15391
1.26500004773,53.9141,-0.0107578,-1.07578
1.28815004773,53.9531,-0.0103672,-1.03672
1.31130004773,53.9531,-0.0107578,-1.07578
1.33445004773,53.9531,-0.00997657,-0.997657
1.35760004773,53.9531,-0.0101719,-1.01719
1.38075004773,53.9531,-0.00978127,-0.978127
1.40390004773,53.9531,-0.00997657,-0.997657
1.42705004773,53.9531,-0.0101719,-1.01719
1.45020004773,53.9531,-0.00978127,-0.978127
1.47335004773,53.9531,-0.0103672,-1.03672
1.49650004773,53.9531,-0.00958595,-0.958595
1.51965004773,53.9531,-0.0103672,-1.03672
1.54280004773,53.9531,-0.0117344,-1.17344
1.56595004773,53.9531,-0.0111485,-1.11485
1.58910004773,53.9531,-0.0105625,-1.05625
1.61225004773,53.9141,-0.00997657,-0.997657
1.63540004773,53.9531,-0.00978127,-0.978127
1.65855004773,53.9141,-0.0111485,-1.11485
1.68170004773,53.9141,-0.0105625,-1.05625
1.70485004773,53.9531,-0.0101719,-1.01719
1.72800004773,53.9531,-0.0101719,-1.01719
1.75115004773,53.9531,-0.00997657,-0.997657
1.77430004773,53.9531,-0.0103672,-1.03672
1.79745004773,53.9531,-0.00958595,-0.958595
1.82060004773,53.9922,-0.00939065,-0.939065
1.84375004773,53.9531,-0.00978127,-0.978127
1.86690004773,53.9531,-0.00939065,-0.939065
1.89005004773,53.9531,-0.0101719,-1.01719
1.91320004773,53.9531,-0.00978127,-0.978127
1.93635004773,53.9922,-0.0101719,-1.01719
1.95950004773,53.9531,-0.0107578,-1.07578
1.98265004773,53.9531,-0.0103672,-1.03672
2.00580004773,53.9531,-0.0111485,-1.11485
2.02895004773,53.9531,-0.0111485,-1.11485
2.05210004773,53.9531,-0.0103672,-1.03672
2.07525004773,53.9531,-0.0107578,-1.07578
2.09840004773,53.9531,-0.0101719,-1.01719
2.12155004773,53.9531,-0.0103672,-1.03672
2.14470004773,53.9531,-0.0103672,-1.03672
2.16785004773,53.9531,-0.00978127,-0.978127
2.19100004773,53.9531,-0.0105625,-1.05625
2.21415004773,53.9531,-0.00997657,-0.997657
2.23730004773,53.9531,-0.0101719,-1.01719
2.26045004773,53.9531,-0.0105625,-1.05625
2.28360004773,53.9531,-0.00958595,-0.958595
2.30675004773,53.9531,-0.00978127,-0.978127
2.32990004773,53.9531,-0.00939065,-0.939065
2.35305004773,53.9531,-0.00978127,-0.978127
2.37620004773,53.9531,-0.0101719,-1.01719
2.39935004773,53.9141,-0.00978127,-0.978127
2.42250004773,53.9531,-0.0103672,-1.03672
2.44565004773,53.9141,-0.00997657,-0.997657
2.46880004773,53.9531,-0.00978127,-0.978127
2.49195004773,53.9531,-0.0105625,-1.05625
2.51510004773,53.9531,-0.00997657,-0.997657
2.53825004773,53.9531,-0.0109531,-1.09531
2.56140004773,53.9531,-0.0113438,-1.13438
2.58455004773,53.9531,-0.0101719,-1.01719
2.60770004773,53.9531,-0.0107578,-1.07578
2.63085004773,53.9531,-0.00978127,-0.978127
2.65400004773,53.9531,-0.0101719,-1.01719
2.67715004773,53.9531,-0.0105625,-1.05625
2.70030004773,53.9531,-0.00978127,-0.978127
2.72345004773,53.9531,-0.0101719,-1.01719
2.74660004773,53.9531,-0.00997657,-0.997657
2.76975004773,53.9531,-0.00978127,-0.978127
2.79290004773,53.9531,-0.00997657,-0.997657
2.81605004773,53.9531,-0.00939065,-0.939065
2.83920004773,53.9531,-0.0101719,-1.01719
2.86235004773,53.9531,-0.0101719,-1.01719
2.88550004773,53.9531,-0.00978127,-0.978127
2.90865004773,53.9531,-0.00997657,-0.997657
2.93180004773,53.9141,-0.00958595,-0.958595
2.95495004773,53.9531,-0.0111485,-1.11485
2.97810004773,53.9531,-0.0107578,-1.07578
3.00125004773,53.9531,-0.0103672,-1.03672
3.02440004773,53.9531,-0.0105625,-1.05625
3.04755004773,53.9531,-0.00997657,-0.997657
3.07070004773,53.9531,-0.00997657,-0.997657
3.09385004773,53.9531,-0.0101719,-1.01719
3.11700004773,53.9141,-0.00958595,-0.958595
3.14015004773,53.9531,-0.0101719,-1.01719
3.16330004773,53.9141,-0.00978127,-0.978127
3.18645004773,53.9531,-0.00958595,-0.958595
3.20960004773,53.9141,-0.00997657,-0.997657
3.23275004773,53.9141,-0.00939065,-0.939065
3.25590004773,53.9141,-0.00997657,-0.997657
3.27905004773,53.9141,-0.0113438,-1.13438
3.30220004773,53.9141,-0.0113438,-1.13438
3.32535004773,53.9141,-0.0113438,-1.13438
3.34850004773,53.9141,-0.0107578,-1.07578
3.37165004773,53.9531,-0.0107578,-1.07578
3.39480004773,53.9141,-0.0105625,-1.05625
3.41795004773,53.9141,-0.00958595,-0.958595
3.44110004773,53.9141,-0.0105625,-1.05625
3.46425004773,53.9141,-0.00997657,-0.997657
3.48740004773,53.9141,-0.0107578,-1.07578
3.51055004773,53.9141,-0.0105625,-1.05625
3.53370004773,53.9141,-0.00939065,-0.939065
3.55685004773,53.9141,-0.0101719,-1.01719
3.58000004773,53.9141,-0.0101719,-1.01719
3.60315004773,53.9531,-0.00958595,-0.958595
3.62630004773,53.9141,-0.00997657,-0.997657
3.64945004773,53.9141,-0.00958595,-0.958595
3.67260004773,53.9531,-0.0101719,-1.01719
3.69575004773,53.9141,-0.0101719,-1.01719
3.71890004773,53.9141,-0.00978127,-0.978127
3.74205004773,53.9141,-0.0105625,-1.05625
3.76520004773,53.9141,-0.0103672,-1.03672
3.78835004773,53.9531,-0.0101719,-1.01719
3.81150004773,53.9531,-0.0101719,-1.01719
3.83465004773,53.9531,-0.00997657,-0.997657
3.85780004773,53.9531,-0.0107578,-1.07578
3.88095004773,53.9531,-0.00997657,-0.997657
3.90410004773,53.9531,-0.0101719,-1.01719
3.92725004773,53.9531,-0.0103672,-1.03672
3.95040004773,53.9531,-0.00958595,-0.958595
3.97355004773,53.9922,-0.0105625,-1.05625
3.99670004773,53.9531,-0.0103672,-1.03672
4.01985004773,53.9922,-0.0103672,-1.03672
4.04300004773,53.9531,-0.0105625,-1.05625
4.06615004773,53.9531,-0.00978127,-0.978127
4.08930004773,53.9922,-0.0101719,-1.01719
4.11245004773,53.9531,-0.00997657,-0.997657
4.13560004773,53.9531,-0.00958595,-0.958595
4.15875004773,53.9531,-0.0109531,-1.09531
4.18190004773,53.9531,-0.0103672,-1.03672
4.20505004773,53.9531,-0.0101719,-1.01719
4.22820004773,53.9531,-0.0103672,-1.03672
4.25135004773,53.9531,-0.00997657,-0.997657
4.27450004773,53.9531,-0.0105625,-1.05625
4.29765004773,53.9531,-0.0101719,-1.01719
4.32080004773,53.9531,-0.00997657,-0.997657
4.34395004773,53.9531,-0.0101719,-1.01719
4.36710004773,53.9531,-0.00978127,-0.978127
4.39025004773,53.9531,-0.0105625,-1.05625
4.41340004773,53.9531,-0.00978127,-0.978127
4.43655004773,53.9531,-0.009,-0.9
4.45970004773,53.9531,-0.00997657,-0.997657
4.48285004773,53.9531,-0.00978127,-0.978127
4.50600004773,53.9922,-0.0101719,-1.01719
4.52915004773,53.9531,-0.0101719,-1.01719
4.55230004773,53.9531,-0.0103672,-1.03672
4.57545004773,53.9922,-0.0115391,-1.15391
4.59860004773,53.9531,-0.0105625,-1.05625
4.62175004773,53.9922,-0.0103672,-1.03672
4.64490004773,53.9531,-0.00997657,-0.997657
4.66805004773,53.9531,-0.00978127,-0.978127
4.69120004773,53.9922,-0.0103672,-1.03672
4.71435004773,53.9531,-0.00958595,-0.958595
4.73750004773,53.9922,-0.00997657,-0.997657
4.76065004773,53.9922,-0.0107578,-1.07578
4.78380004773,53.9922,-0.0103672,-1.03672
4.80695004773,53.9922,-0.0103672,-1.03672
4.83010004773,53.9531,-0.00978127,-0.978127
4.85325004773,53.9922,-0.0101719,-1.01719
4.87640004773,53.9922,-0.0109531,-1.09531
4.89955004773,53.9922,-0.0107578,-1.07578
4.92270004773,53.9922,-0.0111485,-1.11485
4.94585004773,53.9531,-0.0103672,-1.03672
4.96900004773,53.9922,-0.00958595,-0.958595
4.99215004773,53.9922,-0.0103672,-1.03672
5.01530004773,53.9531,-0.00958595,-0.958595
5.03845004773,53.9922,-0.0103672,-1.03672
5.06160004773,53.9531,-0.0109531,-1.09531
5.08475004773,53.9531,-0.0103672,-1.03672
5.10790004773,53.9531,-0.0107578,-1.07578
5.13105004773,53.9141,-0.0101719,-1.01719
5.15420004773,53.9531,-0.0101719,-1.01719
5.17735004773,53.9531,-0.0109531,-1.09531
5.20050004773,53.9531,-0.0101719,-1.01719
5.22365004773,53.9531,-0.0103672,-1.03672
5.24680004773,53.7188,-0.00528908,-0.528908
5.26995004773,53.2891,0.0546719,5.46719
5.29310004773,52.5078,0.0785,7.85
5.31625004773,51.6875,0.0814297,8.14297
5.33940004773,50.8672,0.0818203,8.18203
5.36255004773,50.1641,0.0826015,8.26015
5.38570004773,49.4219,0.0831875,8.31875
5.40885004773,48.7188,0.0835781,8.35781
5.43200004773,47.9766,0.0845547,8.45547
5.45515004773,47.2344,0.0843594,8.43594
5.47830004773,46.5313,0.0851406,8.51406
5.50145004773,45.7891,0.0859219,8.59219
5.52460004773,45.0859,0.0857265,8.57265
5.54775004773,44.3438,0.0872891,8.72891
5.57090004773,43.6406,0.0874844,8.74844
5.59405004773,42.8984,0.0880703,8.80703
5.61720004773,42.2344,0.0888516,8.88516
5.64035004773,41.5313,0.0880703,8.80703
5.66350004773,40.8281,0.0896328,8.96328
5.68665004773,40.125,0.090414,9.0414
5.70980004773,39.4609,0.091,9.1
5.73295004773,38.7969,0.0923672,9.23672
5.75610004773,38.0938,0.0925625,9.25625
5.77925004773,37.3906,0.0939297,9.39297
5.80240004773,36.7266,0.0951016,9.51016
5.82555004773,36.0234,0.0952969,9.52969
5.84870004773,35.3594,0.0970547,9.70547
5.87185004773,34.7344,0.0974453,9.74453
5.89500004773,34.0703,0.0984219,9.84219
5.91815004773,33.4453,0.0995937,9.95937
5.94130004773,32.7813,0.0999844,9.99844
5.96445004773,32.1563,0.102133,10.2133
5.98760004773,31.5313,0.102328,10.2328
6.01075004773,30.9063,0.103305,10.3305
6.03390004773,30.3203,0.104086,10.4086
6.05705004773,29.7734,0.104672,10.4672
6.08020004773,29.1875,0.10643,10.643
6.10335004773,28.6016,0.107211,10.7211
6.12650004773,27.9766,0.107211,10.7211
6.14965004773,27.3906,0.108578,10.8578
6.17280004773,26.8047,0.108969,10.8969
6.19595004773,26.1797,0.110727,11.0727
6.21910004773,25.6328,0.112094,11.2094
6.24225004773,25.0078,0.11307,11.307
6.26540004773,24.4219,0.115219,11.5219
6.28855004773,23.875,0.116391,11.6391
6.31170004773,23.2891,0.118344,11.8344
6.33485004773,22.7031,0.120297,12.0297
6.35800004773,22.1172,0.121664,12.1664
6.38115004773,21.6094,0.124594,12.4594
6.40430004773,21.0625,0.125766,12.5766
6.42745004773,20.5156,0.127719,12.7719
6.45060004773,19.9688,0.130453,13.0453
6.47375004773,19.4219,0.132406,13.2406
6.49690004773,18.9141,0.13475,13.475
6.52005004773,18.3672,0.137289,13.7289
6.54320004773,17.8984,0.139633,13.9633
6.56635004773,17.3906,0.143344,14.3344
6.58950004773,16.8828,0.145297,14.5297
6.61265004773,16.375,0.148422,14.8422
6.63580004773,15.9063,0.152133,15.2133
6.65895004773,15.3984,0.154281,15.4281
6.68210004773,14.9297,0.157016,15.7016
6.70525004773,14.4219,0.161117,16.1117
6.72840004773,13.9141,0.165805,16.5805
6.75155004773,13.4063,0.170687,17.0687
6.77470004773,12.8984,0.17518,17.518
6.79785004773,12.3906,0.181234,18.1234
6.82100004773,11.9219,0.185922,18.5922
6.84415004773,11.4141,0.192172,19.2172
6.86730004773,10.9453,0.199594,19.9594
6.89045004773,10.5156,0.20682,20.682
6.91360004773,10.0469,0.216195,21.6195
6.93675004773,9.61719,0.226156,22.6156
6.95990004773,9.14844,0.234359,23.4359
6.98305004773,8.71875,0.22518,22.518
7.00620004773,8.32813,0.20975,20.975
7.02935004773,8.01563,0.197445,19.7445
7.05250004773,7.74219,0.186703,18.6703
7.07565004773,7.50781,0.176742,17.6742
7.09880004773,7.27344,0.169516,16.9516
7.12195004773,7.07813,0.162875,16.2875
7.14510004773,6.92188,0.157211,15.7211
7.16825004773,6.80469,0.152914,15.2914
7.19140004773,6.64844,0.147836,14.7836
7.21455004773,6.53125,0.145102,14.5102
7.23770004773,6.41406,0.141977,14.1977
7.26085004773,6.33594,0.138852,13.8852
7.28400004773,6.25781,0.136508,13.6508
7.30715004773,6.14063,0.133578,13.3578
7.33030004773,6.0625,0.13143,13.143
7.35345004773,5.98438,0.129672,12.9672
7.37660004773,5.90625,0.128305,12.8305
7.39975004773,5.82813,0.127133,12.7133
7.42290004773,5.78906,0.124398,12.4398
7.44605004773,5.75,0.123031,12.3031
7.46920004773,5.67188,0.121469,12.1469
7.49235004773,5.63281,0.119516,11.9516
7.51550004773,5.59375,0.118344,11.8344
7.53865004773,5.51563,0.117758,11.7758
7.56180004773,5.47656,0.116977,11.6977
7.58495004773,5.4375,0.116781,11.6781
7.60810004773,5.39844,0.115805,11.5805
7.63125004773,5.35938,0.115805,11.5805
7.65440004773,5.32031,0.115219,11.5219
7.67755004773,5.32031,0.114242,11.4242
7.70070004773,5.28125,0.114047,11.4047
7.72385004773,5.24219,0.113266,11.3266
7.74700004773,5.20313,0.113852,11.3852
7.77015004773,5.20313,0.113852,11.3852
7.79330004773,5.16406,0.113461,11.3461
7.81645004773,5.125,0.114047,11.4047
7.83960004773,5.125,0.113656,11.3656
7.86275004773,5.08594,0.114242,11.4242
7.88590004773,5.08594,0.115219,11.5219
7.90905004773,5.04688,0.115219,11.5219
7.93220004773,5.00781,0.116,11.6
7.95535004773,5.00781,0.116391,11.6391
7.97850004773,4.96875,0.116977,11.6977
8.00165004773,4.92969,0.117953,11.7953
8.02480004773,4.92969,0.117562,11.7562
8.04795004773,4.89063,0.119711,11.9711
8.07110004773,4.85156,0.121469,12.1469
8.09425004773,4.85156,0.122445,12.2445
8.11740004773,4.8125,0.124594,12.4594
8.14055004773,4.77344,0.125766,12.5766
8.16370004773,4.77344,0.126547,12.6547
8.18685004773,4.73438,0.128109,12.8109
8.21000004773,4.73438,0.130062,13.0062
8.23315004773,4.69531,0.13182,13.182
8.25630004773,4.69531,0.133187,13.3187
8.27945004773,4.65625,0.135531,13.5531
8.30260004773,4.65625,0.13807,13.807
8.32575004773,4.61719,0.139047,13.9047
8.34890004773,4.61719,0.141781,14.1781
8.37205004773,4.57813,0.14393,14.393
8.39520004773,4.57813,0.146078,14.6078
8.41835004773,4.57813,0.148422,14.8422
8.44150004773,4.53906,0.149984,14.9984
8.46465004773,4.53906,0.151937,15.1937
8.48780004773,4.5,0.153695,15.3695
8.51095004773,4.46094,0.155453,15.5453
8.53410004773,4.46094,0.158187,15.8187
8.55725004773,4.46094,0.160336,16.0336
8.58040004773,4.42188,0.162289,16.2289
8.60355004773,4.42188,0.164437,16.4437
8.62670004773,4.38281,0.166586,16.6586
8.64985004773,4.38281,0.169125,16.9125
8.67300004773,4.34375,0.170492,17.0492
8.69615004773,4.34375,0.172836,17.2836
8.71930004773,4.34375,0.174984,17.4984
8.74245004773,4.30469,0.176352,17.6352
8.76560004773,4.30469,0.179086,17.9086
8.78875004773,4.26563,0.180062,18.0062
8.81190004773,4.26563,0.18182,18.182
8.83505004773,4.22656,0.184945,18.4945
8.85820004773,4.22656,0.185922,18.5922
8.88135004773,4.22656,0.18807,18.807
8.90450004773,4.1875,0.189633,18.9633
8.92765004773,4.1875,0.190414,19.0414
8.95080004773,4.1875,0.192953,19.2953
8.97395004773,4.14844,0.193539,19.3539
8.99710004773,4.14844,0.195102,19.5102
9.02025004773,4.10938,0.195297,19.5297
9.04340004773,4.10938,0.196078,19.6078
9.06655004773,4.10938,0.198227,19.8227
9.08970004773,4.07031,0.199203,19.9203
9.11285004773,4.07031,0.200375,20.0375
9.13600004773,4.07031,0.202328,20.2328
9.15915004773,4.03125,0.203109,20.3109
9.18230004773,4.03125,0.203695,20.3695
9.20545004773,4.03125,0.204086,20.4086
9.22860004773,3.99219,0.204867,20.4867
9.25175004773,3.99219,0.210141,21.0141
9.27490004773,3.99219,0.211117,21.1117
9.29805004773,3.95313,0.214242,21.4242
9.32120004773,3.95313,0.216977,21.6977
9.34435004773,3.95313,0.218539,21.8539
9.36750004773,3.95313,0.22225,22.225
9.39065004773,3.91406,0.224789,22.4789
9.41380004773,3.91406,0.227523,22.7523
9.43695004773,3.91406,0.229281,22.9281
9.46010004773,3.875,0.231039,23.1039
9.48325004773,3.875,0.235141,23.5141
9.50640004773,3.875,0.237875,23.7875
9.52955004773,3.875,0.240219,24.0219
9.55270004773,3.83594,0.24393,24.393
9.57585004773,3.83594,0.245883,24.5883
9.59900004773,3.83594,0.248812,24.8812
9.62215004773,3.83594,0.250961,25.0961
9.64530004773,3.83594,0.252719,25.2719
9.66845004773,3.79688,0.255258,25.5258
9.69160004773,3.79688,0.25643,25.643
9.71475004773,3.79688,0.257992,25.7992
9.73790004773,3.79688,0.259555,25.9555
9.76105004773,3.75781,0.260531,26.0531
9.78420004773,3.75781,0.262094,26.2094
9.80735004773,3.75781,0.262875,26.2875
9.83050004773,3.75781,0.263852,26.3852
9.85365004773,3.71875,0.264633,26.4633
9.87680004773,3.71875,0.263852,26.3852
9.89995004773,3.71875,0.264633,26.4633
9.92310004773,3.71875,0.264828,26.4828
9.94625004773,3.67969,0.264437,26.4437
9.96940004773,3.67969,0.171273,17.1273
9.99255004773,3.67969,0.0290859,2.90859
10.0157000477,3.67969,0.0304531,3.04531
10.0388500477,3.67969,0.0314297,3.14297
10.0620000477,3.64063,0.0314297,3.14297
10.0851500477,3.64063,0.0322109,3.22109
10.1083000477,3.64063,0.031625,3.1625
10.1314500477,3.64063,0.0320156,3.20156
10.1546000477,3.60156,0.0320156,3.20156
10.1777500477,3.60156,0.0312344,3.12344
10.2009000477,3.60156,0.0312344,3.12344
10.2240500477,3.60156,0.031625,3.1625
10.2472000477,3.60156,0.0322109,3.22109
10.2703500477,3.5625,0.0326016,3.26016
10.2935000477,3.5625,0.0326016,3.26016
10.3166500477,3.5625,0.0335781,3.35781
10.3398000477,3.5625,0.0333828,3.33828
10.3629500477,3.5625,0.0333828,3.33828
10.3861000477,3.5625,0.0329922,3.29922
10.4092500477,3.52344,0.0324062,3.24062
10.4324000477,3.52344,0.0326016,3.26016
10.4555500477,3.52344,0.0326016,3.26016
10.4787000477,3.52344,0.0331875,3.31875
10.5018500477,3.48438,0.0339687,3.39687
10.5250000477,3.48438,0.0339687,3.39687
10.5481500477,3.48438,0.0337734,3.37734
10.5713000477,3.48438,0.0337734,3.37734
10.5944500477,3.48438,0.0333828,3.33828
10.6176000477,3.44531,0.0339687,3.39687
10.6407500477,3.44531,0.0337734,3.37734
10.6639000477,3.44531,0.0339687,3.39687
10.6870500477,3.44531,0.0341641,3.41641
10.7102000477,3.44531,0.0339687,3.39687
10.7333500477,3.44531,0.03475,3.475
10.7565000477,3.40625,0.0329922,3.29922
10.7796500477,3.40625,0.0331875,3.31875
10.8028000477,3.40625,0.0337734,3.37734
10.8259500477,3.40625,0.0339687,3.39687
10.8491000477,3.40625,0.0349453,3.49453
10.8722500477,3.40625,0.0353359,3.53359
10.8954000477,3.36719,0.0355312,3.55312
10.9185500477,3.36719,0.0365078,3.65078
10.9417000477,3.36719,0.0357265,3.57265
10.9648500477,3.36719,0.0349453,3.49453
10.9880000477,3.36719,0.0327969,3.27969
11.0111500477,3.32813,0.0312344,3.12344
11.0343000477,3.32813,0.0314297,3.14297
11.0574500477,3.32813,0.031039,3.1039
11.0806000477,3.28906,0.0312344,3.12344
11.1037500477,3.28906,0.031039,3.1039
11.1269000477,3.28906,0.0304531,3.04531
11.1500500477,3.28906,0.0306484,3.06484
11.1732000477,3.28906,0.0306484,3.06484
11.1963500477,3.28906,0.0302578,3.02578
11.2195000477,3.28906,0.0308437,3.08437
11.2426500477,3.25,0.0302578,3.02578
11.2658000477,3.25,0.0304531,3.04531
11.2889500477,3.25,0.0304531,3.04531
11.3121000477,3.25,0.0300625,3.00625
11.3352500477,3.25,0.0306484,3.06484
11.3584000477,3.25,0.0298672,2.98672
11.3815500477,3.21094,0.0302578,3.02578
11.4047000477,3.21094,0.0306484,3.06484
11.4278500477,3.21094,0.0302578,3.02578
11.4510000477,3.21094,0.0304531,3.04531
11.4741500477,3.21094,0.0306484,3.06484
11.4973000477,3.17188,0.0306484,3.06484
11.5204500477,3.17188,0.0312344,3.12344
11.5436000477,3.17188,0.0304531,3.04531
11.5667500477,3.17188,0.0312344,3.12344
11.5899000477,3.17188,0.031039,3.1039
11.6130500477,3.13281,0.0308437,3.08437
11.6362000477,3.13281,0.0308437,3.08437
11.6593500477,3.13281,0.0300625,3.00625
11.6825000477,3.13281,0.0300625,3.00625
11.7056500477,3.13281,0.0306484,3.06484
11.7288000477,3.09375,0.0306484,3.06484
11.7519500477,3.09375,0.0314297,3.14297
11.7751000477,3.09375,0.0306484,3.06484
11.7982500477,3.09375,0.0306484,3.06484
11.8214000477,3.09375,0.0304531,3.04531
11.8445500477,3.09375,0.0302578,3.02578
11.8677000477,3.05469,0.0304531,3.04531
11.8908500477,3.05469,0.0308437,3.08437
11.9140000477,3.05469,0.0314297,3.14297
11.9371500477,3.05469,0.0318203,3.18203
11.9603000477,3.05469,0.0312344,3.12344
11.9834500477,3.05469,0.0314297,3.14297
12.0066000477,3.05469,0.031625,3.1625
12.0297500477,3.01563,0.031039,3.1039
12.0529000477,3.01563,0.0392422,3.92422
12.0760500477,3.01563,0.0577969,5.77969
12.0992000477,3.01563,0.0495937,4.95937
12.1223500477,3.01563,0.0507656,5.07656
12.1455000477,3.01563,0.0499844,4.99844
12.1686500477,2.97656,0.0476406,4.76406
12.1918000477,2.97656,0.0451016,4.51016
12.2149500477,2.97656,0.0425625,4.25625
12.2381000477,2.97656,0.0402187,4.02187
12.2612500477,2.97656,0.0380703,3.80703
12.2844000477,2.97656,0.0374844,3.74844
12.3075500477,2.9375,0.0357265,3.57265
12.3307000477,2.9375,0.0345547,3.45547
12.3538500477,2.9375,0.0343594,3.43594
12.3770000477,2.9375,0.0329922,3.29922
12.4001500477,2.9375,0.0327969,3.27969
12.4233000477,2.9375,0.0329922,3.29922
12.4464500477,2.89844,0.0327969,3.27969
12.4696000477,2.89844,0.0329922,3.29922
12.4927500477,2.89844,0.0327969,3.27969
12.5159000477,2.89844,0.0339687,3.39687
12.5390500477,2.89844,0.0337734,3.37734
12.5622000477,2.89844,0.0331875,3.31875
12.5853500477,2.89844,0.0337734,3.37734
12.6085000477,2.89844,0.0331875,3.31875
12.6316500477,2.85938,0.0335781,3.35781
12.6548000477,2.85938,0.0345547,3.45547
12.6779500477,2.85938,0.0333828,3.33828
12.7011000477,2.85938,0.0339687,3.39687
12.7242500477,2.85938,0.0337734,3.37734
12.7474000477,2.85938,0.0341641,3.41641
12.7705500477,2.82031,0.03475,3.475
12.7937000477,2.82031,0.0343594,3.43594
12.8168500477,2.82031,0.03475,3.475
12.8400000477,2.82031,0.0349453,3.49453
12.8631500477,2.82031,0.0345547,3.45547
12.8863000477,2.82031,0.0349453,3.49453
12.9094500477,2.82031,0.0339687,3.39687
12.9326000477,2.78125,0.0343594,3.43594
12.9557500477,2.78125,0.0349453,3.49453
12.9789000477,2.78125,0.0349453,3.49453
13.0020500477,2.78125,0.0357265,3.57265
13.0252000477,2.78125,0.0351406,3.51406
13.0483500477,2.78125,0.0349453,3.49453
13.0715000477,2.74219,0.0353359,3.53359
13.0946500477,2.74219,0.0349453,3.49453
13.1178000477,2.74219,0.0357265,3.57265
13.1409500477,2.74219,0.0357265,3.57265
13.1641000477,2.74219,0.0357265,3.57265
13.1872500477,2.70313,0.0365078,3.65078
13.2104000477,2.74219,0.0359219,3.59219
13.2335500477,2.70313,0.0351406,3.51406
13.2567000477,2.70313,0.0351406,3.51406
13.2798500477,2.70313,0.0351406,3.51406
13.3030000477,2.70313,0.0365078,3.65078
13.3261500477,2.70313,0.0359219,3.59219
13.3493000477,2.70313,0.0357265,3.57265
13.3724500477,2.70313,0.0361172,3.61172
13.3956000477,2.70313,0.0355312,3.55312
13.4187500477,2.70313,0.0367031,3.67031
13.4419000477,2.70313,0.0368984,3.68984
13.4650500477,2.70313,0.0374844,3.74844
13.4882000477,2.66406,0.0382656,3.82656
13.5113500477,2.66406,0.0374844,3.74844
13.5345000477,2.66406,0.0382656,3.82656
13.5576500477,2.66406,0.0380703,3.80703
13.5808000477,2.66406,0.0382656,3.82656
13.6039500477,2.625,0.0390469,3.90469
13.6271000477,2.625,0.0384609,3.84609
13.6502500477,2.625,0.0388515,3.88515
13.6734000477,2.625,0.0390469,3.90469
13.6965500477,2.625,0.0388515,3.88515
13.7197000477,2.625,0.0398281,3.98281
13.7428500477,2.625,0.0388515,3.88515
13.7660000477,2.625,0.0388515,3.88515
13.7891500477,2.58594,0.0392422,3.92422
13.8123000477,2.58594,0.0392422,3.92422
13.8354500477,2.58594,0.0402187,4.02187
13.8586000477,2.58594,0.0402187,4.02187
13.8817500477,2.58594,0.0402187,4.02187
13.9049000477,2.58594,0.0406094,4.06094
13.9280500477,2.58594,0.0404141,4.04141
13.9512000477,2.58594,0.0408047,4.08047
13.9743500477,2.58594,0.0411953,4.11953
13.9975000477,2.58594,0.041,4.1
14.0206500477,2.54688,0.0415859,4.15859
14.0438000477,2.54688,0.0404141,4.04141
14.0669500477,2.54688,0.0411953,4.11953
14.0901000477,2.54688,0.0415859,4.15859
14.1132500477,2.54688,0.0413906,4.13906
14.1364000477,2.54688,0.0419766,4.19766
14.1595500477,2.54688,0.0413906,4.13906
14.1827000477,2.50781,0.0417812,4.17812
14.2058500477,2.50781,0.0423672,4.23672
14.2290000477,2.50781,0.0423672,4.23672
14.2521500477,2.50781,0.0429531,4.29531
14.2753000477,2.50781,0.0429531,4.29531
14.2984500477,2.50781,0.0433437,4.33437
14.3216000477,2.50781,0.0437344,4.37344
14.3447500477,2.46875,0.0431484,4.31484
14.3679000477,2.46875,0.0437344,4.37344
14.3910500477,2.46875,0.0439297,4.39297
14.4142000477,2.46875,0.0437344,4.37344
14.4373500477,2.46875,0.0439297,4.39297
14.4605000477,2.46875,0.0437344,4.37344
14.4836500477,2.46875,0.044125,4.4125
14.5068000477,2.46875,0.044125,4.4125
14.5299500477,2.46875,0.044125,4.4125
14.5531000477,2.46875,0.0447109,4.47109
14.5762500477,2.46875,0.0445156,4.45156
14.5994000477,2.46875,0.0451016,4.51016
14.6225500477,2.46875,0.0452969,4.52969
14.6457000477,2.42969,0.0449062,4.49062
14.6688500477,2.42969,0.0456875,4.56875
14.6920000477,2.42969,0.0451016,4.51016
14.7151500477,2.42969,0.0451016,4.51016
14.7383000477,2.42969,0.0458828,4.58828
14.7614500477,2.42969,0.0456875,4.56875
14.7846000477,2.39063,0.0462734,4.62734
14.8077500477,2.39063,0.0462734,4.62734
14.8309000477,2.39063,0.0460781,4.60781
14.8540500477,2.39063,0.0464687,4.64687
14.8772000477,2.39063,0.0460781,4.60781
14.9003500477,2.39063,0.0464687,4.64687
14.9235000477,2.39063,0.046664,4.6664
14.9466500477,2.39063,0.0464687,4.64687
14.9698000477,2.39063,0.04725,4.725
14.9929500477,2.35156,0.0468594,4.68594
15.0161000477,2.35156,0.04725,4.725
15.0392500477,2.35156,0.0478359,4.78359
15.0624000477,2.35156,0.0468594,4.68594
15.0855500477,2.35156,0.0476406,4.76406
15.1087000477,2.35156,0.04725,4.725
15.1318500477,2.35156,0.0474453,4.74453
15.1550000477,2.3125,0.0482266,4.82266
15.1781500477,2.3125,0.0478359,4.78359
15.2013000477,2.3125,0.0488125,4.88125
15.2244500477,2.3125,0.0492031,4.92031
15.2476000477,2.3125,0.0488125,4.88125
15.2707500477,2.3125,0.0495937,4.95937
15.2939000477,2.3125,0.0492031,4.92031
15.3170500477,2.3125,0.0493984,4.93984
15.3402000477,2.3125,0.0495937,4.95937
15.3633500477,2.3125,0.0495937,4.95937
15.3865000477,2.3125,0.0505703,5.05703
15.4096500477,2.27344,0.0501797,5.01797
15.4328000477,2.27344,0.0505703,5.05703
15.4559500477,2.27344,0.0509609,5.09609
15.4791000477,2.27344,0.0507656,5.07656
15.5022500477,2.27344,0.0511562,5.11562
15.5254000477,2.27344,0.0511562,5.11562
15.5485500477,2.27344,0.0507656,5.07656
15.5717000477,2.27344,0.0517422,5.17422
15.5948500477,2.27344,0.0511562,5.11562
15.6180000477,2.27344,0.0519375,5.19375
15.6411500477,2.27344,0.0517422,5.17422
15.6643000477,2.27344,0.0511562,5.11562
15.6874500477,2.27344,0.0523281,5.23281
15.7106000477,2.27344,0.0519375,5.19375
15.7337500477,2.23438,0.0525234,5.25234
15.7569000477,2.23438,0.0525234,5.25234
15.7800500477,2.23438,0.0521328,5.21328
15.8032000477,2.23438,0.0525234,5.25234
15.8263500477,2.23438,0.0529141,5.29141
15.8495000477,2.23438,0.0533047,5.33047
15.8726500477,2.23438,0.0536953,5.36953
15.8958000477,2.23438,0.0533047,5.33047
15.9189500477,2.23438,0.0540859,5.40859
15.9421000477,2.23438,0.0536953,5.36953
15.9652500477,2.19531,0.0538906,5.38906
15.9884000477,2.19531,0.0540859,5.40859
16.0115500477,2.19531,0.0527187,5.27187
16.0347000477,2.19531,0.0533047,5.33047
16.0578500477,2.19531,0.0529141,5.29141
16.0810000477,2.19531,0.0521328,5.21328
16.1041500477,2.19531,0.0527187,5.27187
16.1273000477,2.19531,0.050375,5.0375
16.1504500477,2.19531,0.0484219,4.84219
16.1736000477,2.19531,0.0452969,4.52969
16.1967500477,2.19531,0.0413906,4.13906
16.2199000477,2.19531,0.0394375,3.94375
16.2430500477,2.15625,0.0384609,3.84609
16.2662000477,2.15625,0.0380703,3.80703
16.2893500477,2.15625,0.0388515,3.88515
16.3125000477,2.15625,0.0382656,3.82656
16.3356500477,2.15625,0.0382656,3.82656
16.3588000477,2.15625,0.0382656,3.82656
16.3819500477,2.15625,0.0380703,3.80703
16.4051000477,2.15625,0.0380703,3.80703
16.4282500477,2.15625,0.037875,3.7875
16.4514000477,2.11719,0.0382656,3.82656
16.4745500477,2.11719,0.0386562,3.86562
16.4977000477,2.11719,0.0384609,3.84609
16.5208500477,2.11719,0.0394375,3.94375
16.5440000477,2.11719,0.0388515,3.88515
16.5671500477,2.11719,0.0388515,3.88515
16.5903000477,2.11719,0.0398281,3.98281
16.6134500477,2.11719,0.0388515,3.88515
16.6366000477,2.11719,0.0388515,3.88515
16.6597500477,2.11719,0.0388515,3.88515
16.6829000477,2.11719,0.0386562,3.86562
16.7060500477,2.11719,0.0386562,3.86562
16.7292000477,2.07813,0.0382656,3.82656
16.7523500477,2.07813,0.0392422,3.92422
16.7755000477,2.07813,0.0388515,3.88515
16.7986500477,2.07813,0.0390469,3.90469
16.8218000477,2.07813,0.0394375,3.94375
16.8449500477,2.07813,0.0390469,3.90469
16.8681000477,2.07813,0.0396328,3.96328
16.8912500477,2.07813,0.0402187,4.02187
16.9144000477,2.07813,0.0402187,4.02187
16.9375500477,2.07813,0.0406094,4.06094
16.9607000477,2.07813,0.0402187,4.02187
16.9838500477,2.03906,0.0406094,4.06094
17.0070000477,2.03906,0.041,4.1
17.0301500477,2.03906,0.0408047,4.08047
17.0533000477,2.03906,0.0417812,4.17812
17.0764500477,2.03906,0.0411953,4.11953
17.0996000477,2.03906,0.0406094,4.06094
17.1227500477,2.03906,0.0415859,4.15859
17.1459000477,2,0.0413906,4.13906
17.1690500477,2.03906,0.0425625,4.25625
17.1922000477,2.03906,0.0425625,4.25625
17.2153500477,2.03906,0.0419766,4.19766
17.2385000477,2.03906,0.0425625,4.25625
17.2616500477,2,0.0423672,4.23672
17.2848000477,2,0.0425625,4.25625
17.3079500477,2,0.0427578,4.27578
17.3311000477,2,0.0425625,4.25625
17.3542500477,2,0.0431484,4.31484
17.3774000477,2,0.0419766,4.19766
17.4005500477,2,0.0419766,4.19766
17.4237000477,2,0.0431484,4.31484
17.4468500477,2,0.0433437,4.33437
17.4700000477,2,0.0439297,4.39297
17.4931500477,2,0.0437344,4.37344
17.5163000477,2,0.0439297,4.39297
17.5394500477,2,0.0443203,4.43203
17.5626000477,2,0.0437344,4.37344
17.5857500477,2,0.0439297,4.39297
17.6089000477,1.96094,0.0431484,4.31484
17.6320500477,1.96094,0.0433437,4.33437
17.6552000477,1.96094,0.0445156,4.45156
17.6783500477,1.96094,0.0439297,4.39297
17.7015000477,1.96094,0.0443203,4.43203
17.7246500477,1.96094,0.0449062,4.49062
17.7478000477,1.96094,0.0445156,4.45156
17.7709500477,1.92188,0.0452969,4.52969
17.7941000477,1.92188,0.0445156,4.45156
17.8172500477,1.92188,0.0449062,4.49062
17.8404000477,1.92188,0.0458828,4.58828
17.8635500477,1.92188,0.0449062,4.49062
17.8867000477,1.92188,0.0452969,4.52969
17.9098500477,1.92188,0.0456875,4.56875
17.9330000477,1.92188,0.0456875,4.56875
17.9561500477,1.92188,0.0460781,4.60781
17.9793000477,1.92188,0.0458828,4.58828
18.0024500477,1.92188,0.0462734,4.62734
18.0256000477,1.92188,0.0458828,4.58828
18.0487500477,1.92188,0.0458828,4.58828
18.0719000477,1.88281,0.04725,4.725
18.0950500477,1.88281,0.0464687,4.64687
18.1182000477,1.88281,0.0470547,4.70547
18.1413500477,1.88281,0.0474453,4.74453
18.1645000477,1.88281,0.0470547,4.70547
18.1876500477,1.88281,0.0478359,4.78359
18.2108000477,1.88281,0.0474453,4.74453
18.2339500477,1.88281,0.0476406,4.76406
18.2571000477,1.88281,0.0484219,4.84219
18.2802500477,1.88281,0.0480312,4.80312
18.3034000477,1.88281,0.0488125,4.88125
18.3265500477,1.88281,0.0488125,4.88125
18.3497000477,1.88281,0.0484219,4.84219
18.3728500477,1.88281,0.0492031,4.92031
18.3960000477,1.84375,0.0484219,4.84219
18.4191500477,1.84375,0.0492031,4.92031
18.4423000477,1.84375,0.0493984,4.93984
18.4654500477,1.88281,0.0490078,4.90078
18.4886000477,1.84375,0.0495937,4.95937
18.5117500477,1.88281,0.0493984,4.93984
18.5349000477,1.84375,0.0495937,4.95937
18.5580500477,1.84375,0.0499844,4.99844
18.5812000477,1.84375,0.0495937,4.95937
18.6043500477,1.84375,0.050375,5.0375
18.6275000477,1.84375,0.0497891,4.97891
18.6506500477,1.84375,0.0499844,4.99844
18.6738000477,1.84375,0.050375,5.0375
18.6969500477,1.84375,0.0497891,4.97891
18.7201000477,1.84375,0.0509609,5.09609
18.7432500477,1.84375,0.0509609,5.09609
18.7664000477,1.84375,0.0501797,5.01797
18.7895500477,1.84375,0.0511562,5.11562
18.8127000477,1.84375,0.0505703,5.05703
18.8358500477,1.84375,0.0507656,5.07656
18.8590000477,1.84375,0.0517422,5.17422
18.8821500477,1.84375,0.0509609,5.09609
18.9053000477,1.80469,0.0517422,5.17422
18.9284500477,1.80469,0.0511562,5.11562
18.9516000477,1.80469,0.0515469,5.15469
18.9747500477,1.80469,0.0513515,5.13515
18.9979000477,1.80469,0.0509609,5.09609
19.0210500477,1.80469,0.0517422,5.17422
19.0442000477,1.80469,0.0521328,5.21328
19.0673500477,1.80469,0.0523281,5.23281
19.0905000477,1.80469,0.0531094,5.31094
19.1136500477,1.80469,0.0527187,5.27187
19.1368000477,1.80469,0.0538906,5.38906
19.1599500477,1.80469,0.0538906,5.38906
19.1831000477,1.76563,0.0529141,5.29141
19.2062500477,1.80469,0.0538906,5.38906
19.2294000477,1.80469,0.0535,5.35
19.2525500477,1.80469,0.0542812,5.42812
19.2757000477,1.76563,0.0542812,5.42812
19.2988500477,1.76563,0.0536953,5.36953
19.3220000477,1.76563,0.0546719,5.46719
19.3451500477,1.76563,0.0546719,5.46719
19.3683000477,1.76563,0.0544765,5.44765
19.3914500477,1.76563,0.0550625,5.50625
19.4146000477,1.76563,0.0548672,5.48672
19.4377500477,1.76563,0.0554531,5.54531
19.4609000477,1.76563,0.0548672,5.48672
19.4840500477,1.76563,0.0548672,5.48672
19.5072000477,1.76563,0.0554531,5.54531
19.5303500477,1.76563,0.0542812,5.42812
19.5535000477,1.76563,0.0548672,5.48672
19.5766500477,1.72656,0.0552578,5.52578
19.5998000477,1.76563,0.0552578,5.52578
19.6229500477,1.72656,0.0562344,5.62344
19.6461000477,1.72656,0.0558437,5.58437
19.6692500477,1.72656,0.0562344,5.62344
19.6924000477,1.76563,0.056625,5.6625
19.7155500477,1.72656,0.0554531,5.54531
19.7387000477,1.72656,0.0562344,5.62344
19.7618500477,1.72656,0.0560391,5.60391
19.7850000477,1.72656,0.0564297,5.64297
19.8081500477,1.72656,0.0572109,5.72109
19.8313000477,1.72656,0.0568203,5.68203
19.8544500477,1.72656,0.0570156,5.70156
19.8776000477,1.72656,0.0570156,5.70156
19.9007500477,1.6875,0.0560391,5.60391
19.9239000477,1.6875,0.056625,5.6625
19.9470500477,1.6875,0.0564297,5.64297
19.9702000477,1.6875,0.0572109,5.72109
19.9933500477,1.6875,0.0574062,5.74062
20.0165000477,1.6875,0.0576016,5.76016
20.0396500477,1.6875,0.0583828,5.83828
20.0628000477,1.6875,0.0583828,5.83828
20.0859500477,1.6875,0.0581875,5.81875
20.1091000477,1.6875,0.0576016,5.76016
20.1322500477,1.6875,0.0574062,5.74062
20.1554000477,1.6875,0.0583828,5.83828
20.1785500477,1.6875,0.0587734,5.87734
20.2017000477,1.6875,0.0587734,5.87734
20.2248500477,1.6875,0.059164,5.9164
20.2480000477,1.6875,0.0587734,5.87734
20.2711500477,1.6875,0.05975,5.975
20.2943000477,1.6875,0.0595547,5.95547
20.3174500477,1.6875,0.059164,5.9164
20.3406000477,1.6875,0.0603359,6.03359
20.3637500477,1.6875,0.0601406,6.01406
20.3869000477,1.64844,0.0607266,6.07266
20.4100500477,1.64844,0.0605312,6.05312
20.4332000477,1.64844,0.05975,5.975
20.4563500477,1.64844,0.0599453,5.99453
20.4795000477,1.64844,0.0601406,6.01406
20.5026500477,1.64844,0.0611172,6.11172
20.5258000477,1.64844,0.0607266,6.07266
20.5489500477,1.64844,0.0603359,6.03359
20.5721000477,1.64844,0.0613125,6.13125
20.5952500477,1.64844,0.0609219,6.09219
20.6184000477,1.64844,0.0605312,6.05312
20.6415500477,1.64844,0.0617031,6.17031
20.6647000477,1.64844,0.0613125,6.13125
20.6878500477,1.64844,0.0618984,6.18984
20.7110000477,1.64844,0.0618984,6.18984
20.7341500477,1.64844,0.0620937,6.20937
20.7573000477,1.64844,0.0626797,6.26797
20.7804500477,1.64844,0.0618984,6.18984
20.8036000477,1.60938,0.062875,6.2875
20.8267500477,1.60938,0.0630703,6.30703
20.8499000477,1.60938,0.0624844,6.24844
20.8730500477,1.60938,0.0632656,6.32656
20.8962000477,1.60938,0.062875,6.2875
20.9193500477,1.60938,0.0632656,6.32656
20.9425000477,1.60938,0.0636562,6.36562
20.9656500477,1.60938,0.0632656,6.32656
20.9888000477,1.60938,0.0640469,6.40469
21.0119500477,1.60938,0.0640469,6.40469
21.0351000477,1.60938,0.0636562,6.36562
21.0582500477,1.60938,0.0638516,6.38516
21.0814000477,1.60938,0.0632656,6.32656
21.1045500477,1.60938,0.0640469,6.40469
21.1277000477,1.60938,0.0636562,6.36562
21.1508500477,1.60938,0.0624844,6.24844
21.1740000477,1.60938,0.0638516,6.38516
21.1971500477,1.60938,0.0638516,6.38516
21.2203000477,1.60938,0.0648281,6.48281
21.2434500477,1.60938,0.0650234,6.50234
21.2666000477,1.60938,0.0644375,6.44375
21.2897500477,1.60938,0.0648281,6.48281
21.3129000477,1.60938,0.0644375,6.44375
21.3360500477,1.60938,0.0654141,6.54141
21.3592000477,1.60938,0.066,6.6
21.3823500477,1.57031,0.0652187,6.52187
21.4055000477,1.57031,0.066,6.6
21.4286500477,1.57031,0.0658047,6.58047
21.4518000477,1.57031,0.0656094,6.56094
21.4749500477,1.57031,0.0667812,6.67812
21.4981000477,1.57031,0.0661953,6.61953
21.5212500477,1.57031,0.0658047,6.58047
21.5444000477,1.57031,0.0656094,6.56094
21.5675500477,1.57031,0.0658047,6.58047
21.5907000477,1.53125,0.0663906,6.63906
21.6138500477,1.53125,0.066,6.6
21.6370000477,1.57031,0.0667812,6.67812
21.6601500477,1.57031,0.0669765,6.69765
21.6833000477,1.57031,0.0663906,6.63906
21.7064500477,1.53125,0.0669765,6.69765
21.7296000477,1.57031,0.0663906,6.63906
21.7527500477,1.53125,0.0667812,6.67812
21.7759000477,1.57031,0.0656094,6.56094
21.7990500477,1.57031,0.0642422,6.42422
21.8222000477,1.53125,0.0654141,6.54141
21.8453500477,1.53125,0.0646328,6.46328
21.8685000477,1.57031,0.0644375,6.44375
21.8916500477,1.53125,0.0654141,6.54141
21.9148000477,1.53125,0.0642422,6.42422
21.9379500477,1.53125,0.0644375,6.44375
21.9611000477,1.53125,0.0646328,6.46328
21.9842500477,1.53125,0.0642422,6.42422
22.0074000477,1.53125,0.0658047,6.58047
22.0305500477,1.53125,0.0652187,6.52187
22.0537000477,1.53125,0.0652187,6.52187
22.0768500477,1.53125,0.0654141,6.54141
22.1000000477,1.53125,0.0652187,6.52187
22.1231500477,1.53125,0.066,6.6
22.1463000477,1.53125,0.0646328,6.46328
22.1694500477,1.53125,0.0638516,6.38516
22.1926000477,1.53125,0.0654141,6.54141
22.2157500477,1.53125,0.0654141,6.54141
22.2389000477,1.53125,0.0658047,6.58047
22.2620500477,1.53125,0.0648281,6.48281
22.2852000477,1.53125,0.0650234,6.50234
22.3083500477,1.53125,0.0658047,6.58047
22.3315000477,1.53125,0.0646328,6.46328
22.3546500477,1.53125,0.0663906,6.63906
22.3778000477,1.53125,0.0663906,6.63906
22.4009500477,1.53125,0.0658047,6.58047
22.4241000477,1.53125,0.0665859,6.65859
22.4472500477,1.53125,0.0658047,6.58047
22.4704000477,1.49219,0.0661953,6.61953
22.4935500477,1.49219,0.0661953,6.61953
22.5167000477,1.49219,0.0658047,6.58047
22.5398500477,1.49219,0.0669765,6.69765
22.5630000477,1.49219,0.0663906,6.63906
22.5861500477,1.49219,0.0661953,6.61953
22.6093000477,1.49219,0.0658047,6.58047
22.6324500477,1.49219,0.0652187,6.52187
22.6556000477,1.49219,0.066,6.6
22.6787500477,1.49219,0.0658047,6.58047
22.7019000477,1.49219,0.0663906,6.63906
22.7250500477,1.49219,0.0675625,6.75625
22.7482000477,1.49219,0.0667812,6.67812
22.7713500477,1.49219,0.0673672,6.73672
22.7945000477,1.49219,0.0673672,6.73672
22.8176500477,1.49219,0.0667812,6.67812
22.8408000477,1.49219,0.0671719,6.71719
22.8639500477,1.49219,0.0663906,6.63906
22.8871000477,1.49219,0.0671719,6.71719
22.9102500477,1.49219,0.0673672,6.73672
22.9334000477,1.49219,0.0665859,6.65859
22.9565500477,1.49219,0.0679531,6.79531
22.9797000477,1.49219,0.0669765,6.69765
23.0028500477,1.45313,0.0669765,6.69765
23.0260000477,1.45313,0.0679531,6.79531
23.0491500477,1.45313,0.0675625,6.75625
23.0723000477,1.45313,0.0677578,6.77578
23.0954500477,1.45313,0.0677578,6.77578
23.1186000477,1.45313,0.0675625,6.75625
23.1417500477,1.45313,0.0681484,6.81484
23.1649000477,1.45313,0.0677578,6.77578
23.1880500477,1.45313,0.0683437,6.83437
23.2112000477,1.45313,0.0681484,6.81484
23.2343500477,1.45313,0.0673672,6.73672
23.2575000477,1.45313,0.0677578,6.77578
23.2806500477,1.45313,0.0669765,6.69765
23.3038000477,1.45313,0.0673672,6.73672
23.3269500477,1.45313,0.0681484,6.81484
23.3501000477,1.45313,0.0677578,6.77578
23.3732500477,1.45313,0.0685391,6.85391
23.3964000477,1.45313,0.0677578,6.77578
23.4195500477,1.45313,0.0677578,6.77578
23.4427000477,1.45313,0.0689297,6.89297
23.4658500477,1.45313,0.0683437,6.83437
23.4890000477,1.45313,0.0687344,6.87344
23.5121500477,1.45313,0.0685391,6.85391
23.5353000477,1.45313,0.0683437,6.83437
23.5584500477,1.45313,0.0687344,6.87344
23.5816000477,1.45313,0.0679531,6.79531
23.6047500477,1.45313,0.0685391,6.85391
23.6279000477,1.45313,0.0687344,6.87344
23.6510500477,1.45313,0.0669765,6.69765
23.6742000477,1.45313,0.0681484,6.81484
23.6973500477,1.45313,0.0683437,6.83437
23.7205000477,1.45313,0.0683437,6.83437
23.7436500477,1.45313,0.0685391,6.85391
23.7668000477,1.45313,0.0681484,6.81484
23.7899500477,1.45313,0.069125,6.9125
23.8131000477,1.45313,0.0687344,6.87344
23.8362500477,1.41406,0.069125,6.9125
23.8594000477,1.45313,0.0699062,6.99062
23.8825500477,1.41406,0.0689297,6.89297
23.9057000477,1.45313,0.0693203,6.93203
23.9288500477,1.45313,0.0695156,6.95156
23.9520000477,1.41406,0.0689297,6.89297
23.9751500477,1.41406,0.069125,6.9125
23.9983000477,1.41406,0.0687344,6.87344
24.0214500477,1.41406,0.069125,6.9125
24.0446000477,1.41406,0.0697109,6.97109
24.0677500477,1.41406,0.0689297,6.89297
24.0909000477,1.41406,0.0689297,6.89297
24.1140500477,1.41406,0.0687344,6.87344
24.1372000477,1.41406,0.069125,6.9125
24.1603500477,1.41406,0.0689297,6.89297
24.1835000477,1.41406,0.0681484,6.81484
24.2066500477,1.41406,0.0693203,6.93203
24.2298000477,1.41406,0.0693203,6.93203
24.2529500477,1.41406,0.0695156,6.95156
24.2761000477,1.41406,0.0702969,7.02969
24.2992500477,1.41406,0.069125,6.9125
24.3224000477,1.41406,0.0699062,6.99062
24.3455500477,1.41406,0.0701015,7.01015
24.3687000477,1.41406,0.0697109,6.97109
24.3918500477,1.41406,0.0699062,6.99062
24.4150000477,1.41406,0.0689297,6.89297
24.4381500477,1.41406,0.0693203,6.93203
24.4613000477,1.41406,0.0699062,6.99062
24.4844500477,1.41406,0.0695156,6.95156
24.5076000477,1.375,0.0704922,7.04922
24.5307500477,1.375,0.0697109,6.97109
24.5539000477,1.41406,0.0702969,7.02969
24.5770500477,1.41406,0.0710781,7.10781
24.6002000477,1.41406,0.0697109,6.97109
24.6233500477,1.375,0.0704922,7.04922
24.6465000477,1.375,0.0701015,7.01015
24.6696500477,1.375,0.0697109,6.97109
24.6928000477,1.41406,0.0701015,7.01015
24.7159500477,1.375,0.0693203,6.93203
24.7391000477,1.375,0.0699062,6.99062
24.7622500477,1.375,0.0699062,6.99062
24.7854000477,1.375,0.0699062,6.99062
24.8085500477,1.375,0.0708828,7.08828
24.8317000477,1.375,0.0699062,6.99062
24.8548500477,1.375,0.0704922,7.04922
24.8780000477,1.375,0.0706875,7.06875
24.9011500477,1.375,0.0693203,6.93203
24.9243000477,1.375,0.0702969,7.02969
24.9474500477,1.375,0.0699062,6.99062
24.9706000477,1.375,0.0701015,7.01015
24.9937500477,1.375,0.0706875,7.06875
25.0169000477,1.375,0.0689297,6.89297
25.0400500477,1.375,0.069125,6.9125
25.0632000477,1.375,0.0687344,6.87344
25.0863500477,1.375,0.0685391,6.85391
25.1095000477,1.375,0.0701015,7.01015
25.1326500477,1.375,0.0695156,6.95156
25.1558000477,1.375,0.0701015,7.01015
25.1789500477,1.375,0.0699062,6.99062
25.2021000477,1.375,0.0689297,6.89297
25.2252500477,1.375,0.0702969,7.02969
25.2484000477,1.375,0.0695156,6.95156
25.2715500477,1.375,0.0695156,6.95156
25.2947000477,1.375,0.0699062,6.99062
25.3178500477,1.33594,0.069125,6.9125
25.3410000477,1.33594,0.0706875,7.06875
25.3641500477,1.33594,0.0695156,6.95156
25.3873000477,1.375,0.0695156,6.95156
25.4104500477,1.375,0.0704922,7.04922
25.4336000477,1.375,0.0693203,6.93203
25.4567500477,1.33594,0.0701015,7.01015
25.4799000477,1.33594,0.0699062,6.99062
25.5030500477,1.33594,0.0693203,6.93203
25.5262000477,1.33594,0.0689297,6.89297
25.5493500477,1.33594,0.0677578,6.77578
25.5725000477,1.33594,0.0681484,6.81484
25.5956500477,1.33594,0.0687344,6.87344
25.6188000477,1.33594,0.0679531,6.79531
25.6419500477,1.33594,0.069125,6.9125
25.6651000477,1.33594,0.0687344,6.87344
25.6882500477,1.33594,0.069125,6.9125
25.7114000477,1.33594,0.0695156,6.95156
25.7345500477,1.33594,0.0679531,6.79531
25.7577000477,1.33594,0.0685391,6.85391
25.7808500477,1.33594,0.0689297,6.89297
25.8040000477,1.33594,0.0687344,6.87344
25.8271500477,1.33594,0.069125,6.9125
25.8503000477,1.33594,0.0683437,6.83437
25.8734500477,1.33594,0.0689297,6.89297
25.8966000477,1.33594,0.0689297,6.89297
25.9197500477,1.33594,0.0687344,6.87344
25.9429000477,1.33594,0.069125,6.9125
25.9660500477,1.33594,0.0681484,6.81484
25.9892000477,1.33594,0.0689297,6.89297
26.0123500477,1.33594,0.069125,6.9125
26.0355000477,1.33594,0.0681484,6.81484
26.0586500477,1.33594,0.0695156,6.95156
26.0818000477,1.33594,0.0683437,6.83437
26.1049500477,1.33594,0.0683437,6.83437
26.1281000477,1.29688,0.0689297,6.89297
26.1512500477,1.29688,0.0675625,6.75625
26.1744000477,1.29688,0.0681484,6.81484
26.1975500477,1.29688,0.0679531,6.79531
26.2207000477,1.33594,0.0681484,6.81484
26.2438500477,1.29688,0.0685391,6.85391
26.2670000477,1.29688,0.0671719,6.71719
26.2901500477,1.29688,0.0681484,6.81484
26.3133000477,1.29688,0.0679531,6.79531
26.3364500477,1.29688,0.0675625,6.75625
26.3596000477,1.29688,0.0683437,6.83437
26.3827500477,1.33594,0.0669765,6.69765
26.4059000477,1.29688,0.0673672,6.73672
26.4290500477,1.29688,0.0675625,6.75625
26.4522000477,1.29688,0.0658047,6.58047
26.4753500477,1.29688,0.0669765,6.69765
26.4985000477,1.29688,0.0661953,6.61953
26.5216500477,1.29688,0.0661953,6.61953
26.5448000477,1.29688,0.0669765,6.69765
26.5679500477,1.29688,0.0654141,6.54141
26.5911000477,1.33594,0.0665859,6.65859
26.6142500477,1.29688,0.066,6.6
26.6374000477,1.29688,0.0658047,6.58047
26.6605500477,1.29688,0.0667812,6.67812
26.6837000477,1.29688,0.0650234,6.50234
26.7068500477,1.29688,0.0658047,6.58047
26.7300000477,1.29688,0.0661953,6.61953
26.7531500477,1.29688,0.0656094,6.56094
26.7763000477,1.29688,0.0661953,6.61953
26.7994500477,1.29688,0.0648281,6.48281
26.8226000477,1.29688,0.0658047,6.58047
26.8457500477,1.29688,0.0661953,6.61953
26.8689000477,1.29688,0.0650234,6.50234
26.8920500477,1.29688,0.0658047,6.58047
26.9152000477,1.29688,0.0648281,6.48281
26.9383500477,1.29688,0.0652187,6.52187
26.9615000477,1.29688,0.0656094,6.56094
26.9846500477,1.29688,0.0644375,6.44375
27.0078000477,1.29688,0.066,6.6
27.0309500477,1.29688,0.0652187,6.52187
27.0541000477,1.29688,0.0644375,6.44375
27.0772500477,1.29688,0.0642422,6.42422
27.1004000477,1.25781,0.062875,6.2875
27.1235500477,1.25781,0.0636562,6.36562
27.1467000477,1.25781,0.0638516,6.38516
27.1698500477,1.25781,0.0632656,6.32656
27.1930000477,1.25781,0.0642422,6.42422
27.2161500477,1.25781,0.062289,6.2289
27.2393000477,1.25781,0.062875,6.2875
27.2624500477,1.25781,0.0636562,6.36562
27.2856000477,1.25781,0.0624844,6.24844
27.3087500477,1.25781,0.0640469,6.40469
27.3319000477,1.25781,0.0630703,6.30703
27.3550500477,1.25781,0.062875,6.2875
27.3782000477,1.25781,0.0634609,6.34609
27.4013500477,1.25781,0.0626797,6.26797
27.4245000477,1.25781,0.0632656,6.32656
27.4476500477,1.25781,0.0611172,6.11172
27.4708000477,1.25781,0.0607266,6.07266
27.4939500477,1.25781,0.0620937,6.20937
27.5171000477,1.25781,0.0607266,6.07266
27.5402500477,1.25781,0.0613125,6.13125
27.5634000477,1.25781,0.0613125,6.13125
27.5865500477,1.25781,0.0607266,6.07266
27.6097000477,1.25781,0.062289,6.2289
27.6328500477,1.25781,0.0613125,6.13125
27.6560000477,1.25781,0.0607266,6.07266
27.6791500477,1.25781,0.0605312,6.05312
27.7023000477,1.25781,0.0601406,6.01406
27.7254500477,1.25781,0.0613125,6.13125
27.7486000477,1.25781,0.0611172,6.11172
27.7717500477,1.25781,0.0613125,6.13125
27.7949000477,1.25781,0.0617031,6.17031
27.8180500477,1.25781,0.0601406,6.01406
27.8412000477,1.25781,0.0611172,6.11172
27.8643500477,1.25781,0.0605312,6.05312
27.8875000477,1.25781,0.0599453,5.99453
27.9106500477,1.25781,0.0609219,6.09219
27.9338000477,1.25781,0.0595547,5.95547
27.9569500477,1.25781,0.05975,5.975
27.9801000477,1.25781,0.0595547,5.95547
28.0032500477,1.25781,0.0587734,5.87734
28.0264000477,1.25781,0.0601406,6.01406
28.0495500477,1.25781,0.059164,5.9164
28.0727000477,1.25781,0.0593594,5.93594
28.0958500477,1.25781,0.05975,5.975
28.1190000477,1.25781,0.0585781,5.85781
28.1421500477,1.21875,0.0595547,5.95547
28.1653000477,1.25781,0.0585781,5.85781
28.1884500477,1.25781,0.0579922,5.79922
28.2116000477,1.25781,0.0583828,5.83828
28.2347500477,1.21875,0.0576016,5.76016
28.2579000477,1.21875,0.0581875,5.81875
28.2810500477,1.21875,0.0579922,5.79922
28.3042000477,1.21875,0.0577969,5.77969
28.3273500477,1.21875,0.0579922,5.79922
28.3505000477,1.21875,0.0570156,5.70156
28.3736500477,1.21875,0.0574062,5.74062
28.3968000477,1.21875,0.0570156,5.70156
28.4199500477,1.21875,0.056625,5.6625
28.4431000477,1.21875,0.0576016,5.76016
28.4662500477,1.21875,0.0560391,5.60391
28.4894000477,1.21875,0.0564297,5.64297
28.5125500477,1.21875,0.0568203,5.68203
28.5357000477,1.21875,0.0550625,5.50625
28.5588500477,1.21875,0.0558437,5.58437
28.5820000477,1.21875,0.0556484,5.56484
28.6051500477,1.21875,0.0554531,5.54531
28.6283000477,1.21875,0.0564297,5.64297
28.6514500477,1.21875,0.0548672,5.48672
28.6746000477,1.21875,0.0558437,5.58437
28.6977500477,1.21875,0.0554531,5.54531
28.7209000477,1.21875,0.0544765,5.44765
28.7440500477,1.21875,0.0556484,5.56484
28.7672000477,1.21875,0.0542812,5.42812
28.7903500477,1.21875,0.0546719,5.46719
28.8135000477,1.21875,0.0546719,5.46719
28.8366500477,1.21875,0.0535,5.35
28.8598000477,1.21875,0.0546719,5.46719
28.8829500477,1.21875,0.0536953,5.36953
28.9061000477,1.21875,0.0536953,5.36953
28.9292500477,1.17969,0.0533047,5.33047
28.9524000477,1.21875,0.0521328,5.21328
28.9755500477,1.21875,0.0531094,5.31094
28.9987000477,1.21875,0.0527187,5.27187
29.0218500477,1.21875,0.0525234,5.25234
29.0450000477,1.21875,0.0525234,5.25234
29.0681500477,1.21875,0.0505703,5.05703
29.0913000477,1.17969,0.0521328,5.21328
29.1144500477,1.21875,0.0521328,5.21328
29.1376000477,1.21875,0.0513515,5.13515
29.1607500477,1.21875,0.0525234,5.25234
29.1839000477,1.21875,0.0511562,5.11562
29.2070500477,1.17969,0.0519375,5.19375
29.2302000477,1.17969,0.0523281,5.23281
29.2533500477,1.17969,0.0513515,5.13515
29.2765000477,1.17969,0.0525234,5.25234
29.2996500477,1.17969,0.0511562,5.11562
29.3228000477,1.17969,0.0513515,5.13515
29.3459500477,1.17969,0.0519375,5.19375
29.3691000477,1.17969,0.050375,5.0375
29.3922500477,1.17969,0.0513515,5.13515
29.4154000477,1.21875,0.0501797,5.01797
29.4385500477,1.21875,0.0497891,4.97891
29.4617000477,1.21875,0.0505703,5.05703
29.4848500477,1.17969,0.0490078,4.90078
29.5080000477,1.17969,0.0499844,4.99844
29.5311500477,1.17969,0.050375,5.0375
29.5543000477,1.17969,0.0490078,4.90078
29.5774500477,1.17969,0.0507656,5.07656
29.6006000477,1.17969,0.0488125,4.88125
29.6237500477,1.17969,0.0488125,4.88125
29.6469000477,1.17969,0.0490078,4.90078
29.6700500477,1.17969,0.04725,4.725
29.6932000477,1.17969,0.0490078,4.90078
29.7163500477,1.17969,0.0478359,4.78359
29.7395000477,1.17969,0.0476406,4.76406
29.7626500477,1.17969,0.0486172,4.86172
29.7858000477,1.17969,0.0474453,4.74453
29.8089500477,1.17969,0.0486172,4.86172
29.8321000477,1.17969,0.0478359,4.78359
29.8552500477,1.17969,0.046664,4.6664
29.8784000477,1.17969,0.0474453,4.74453
29.9015500477,1.17969,0.0460781,4.60781
29.9247000477,1.17969,0.046664,4.6664
29.9478500477,1.17969,0.046664,4.6664
29.9710000477,1.17969,0.0456875,4.56875
29.9941500477,1.17969,0.0474453,4.74453
30.0173000477,1.14063,0.0462734,4.62734
30.0404500477,1.17969,0.0460781,4.60781
30.0636000477,1.14063,0.0462734,4.62734
30.0867500477,1.14063,0.0451016,4.51016
30.1099000477,1.14063,0.0456875,4.56875
30.1330500477,1.17969,0.0447109,4.47109
30.1562000477,1.14063,0.0447109,4.47109
30.1793500477,1.14063,0.0454922,4.54922
30.2025000477,1.17969,0.0437344,4.37344
30.2256500477,1.14063,0.0447109,4.47109
30.2488000477,1.17969,0.044125,4.4125
30.2719500477,1.17969,0.0437344,4.37344
30.2951000477,1.17969,0.0452969,4.52969
30.3182500477,1.17969,0.0439297,4.39297
30.3414000477,1.17969,0.0447109,4.47109
30.3645500477,1.17969,0.0449062,4.49062
30.3877000477,1.17969,0.0439297,4.39297
30.4108500477,1.17969,0.0451016,4.51016
30.4340000477,1.14063,0.044125,4.4125
30.4571500477,1.14063,0.0439297,4.39297
30.4803000477,1.14063,0.043539,4.3539
30.5034500477,1.14063,0.0415859,4.15859
30.5266000477,1.14063,0.0429531,4.29531
30.5497500477,1.14063,0.0417812,4.17812
30.5729000477,1.14063,0.0419766,4.19766
30.5960500477,1.14063,0.0431484,4.31484
30.6192000477,1.14063,0.0417812,4.17812
30.6423500477,1.14063,0.0427578,4.27578
30.6655000477,1.14063,0.0421719,4.21719
30.6886500477,1.14063,0.0411953,4.11953
30.7118000477,1.14063,0.0429531,4.29531
30.7349500477,1.14063,0.0417812,4.17812
30.7581000477,1.14063,0.0421719,4.21719
30.7812500477,1.14063,0.0419766,4.19766
30.8044000477,1.14063,0.0404141,4.04141
30.8275500477,1.14063,0.0415859,4.15859
30.8507000477,1.14063,0.0402187,4.02187
30.8738500477,1.14063,0.0404141,4.04141
30.8970000477,1.14063,0.041,4.1
30.9201500477,1.14063,0.0400234,4.00234
30.9433000477,1.14063,0.0411953,4.11953
30.9664500477,1.14063,0.0400234,4.00234
30.9896000477,1.14063,0.0394375,3.94375
31.0127500477,1.14063,0.0408047,4.08047
31.0359000477,1.14063,0.0392422,3.92422
31.0590500477,1.14063,0.0402187,4.02187
31.0822000477,1.14063,0.0392422,3.92422
31.1053500477,1.14063,0.0386562,3.86562
31.1285000477,1.14063,0.0402187,4.02187
31.1516500477,1.14063,0.0386562,3.86562
31.1748000477,1.14063,0.0386562,3.86562
31.1979500477,1.14063,0.0396328,3.96328
31.2211000477,1.14063,0.0380703,3.80703
31.2442500477,1.14063,0.0388515,3.88515
31.2674000477,1.14063,0.0376797,3.76797
31.2905500477,1.14063,0.0382656,3.82656
31.3137000477,1.14063,0.0390469,3.90469
31.3368500477,1.14063,0.0376797,3.76797
31.3600000477,1.14063,0.0388515,3.88515
31.3831500477,1.14063,0.037875,3.7875
31.4063000477,1.14063,0.0368984,3.68984
31.4294500477,1.10156,0.0382656,3.82656
31.4526000477,1.10156,0.0367031,3.67031
31.4757500477,1.10156,0.0376797,3.76797
31.4989000477,1.10156,0.0370937,3.70937
31.5220500477,1.10156,0.0365078,3.65078
31.5452000477,1.10156,0.037875,3.7875
31.5683500477,1.10156,0.0365078,3.65078
31.5915000477,1.10156,0.0367031,3.67031
31.6146500477,1.10156,0.0370937,3.70937
31.6378000477,1.10156,0.0355312,3.55312
31.6609500477,1.10156,0.0367031,3.67031
31.6841000477,1.10156,0.0357265,3.57265
31.7072500477,1.10156,0.0353359,3.53359
31.7304000477,1.10156,0.0355312,3.55312
31.7535500477,1.10156,0.0339687,3.39687
31.7767000477,1.10156,0.0355312,3.55312
31.7998500477,1.10156,0.0349453,3.49453
31.8230000477,1.10156,0.0345547,3.45547
31.8461500477,1.10156,0.03475,3.475
31.8693000477,1.10156,0.0337734,3.37734
31.8924500477,1.10156,0.03475,3.475
31.9156000477,1.10156,0.0341641,3.41641
31.9387500477,1.10156,0.0337734,3.37734
31.9619000477,1.10156,0.0353359,3.53359
31.9850500477,1.10156,0.0341641,3.41641
32.0082000477,1.10156,0.0345547,3.45547
32.0313500477,1.10156,0.0345547,3.45547
32.0545000477,1.10156,0.0331875,3.31875
32.0776500477,1.10156,0.0345547,3.45547
32.1008000477,1.10156,0.0333828,3.33828
32.1239500477,1.10156,0.0331875,3.31875
32.1471000477,1.10156,0.0343594,3.43594
32.1702500477,1.10156,0.0329922,3.29922
32.1934000477,1.10156,0.0339687,3.39687
32.2165500477,1.10156,0.0329922,3.29922
32.2397000477,1.10156,0.0320156,3.20156
32.2628500477,1.10156,0.0331875,3.31875
32.2860000477,1.10156,0.0318203,3.18203
32.3091500477,1.10156,0.0322109,3.22109
32.3323000477,1.10156,0.0322109,3.22109
32.3554500477,1.10156,0.0314297,3.14297
32.3786000477,1.10156,0.0324062,3.24062
32.4017500477,1.10156,0.0312344,3.12344
32.4249000477,1.10156,0.031625,3.1625
32.4480500477,1.10156,0.0320156,3.20156
32.4712000477,1.10156,0.0302578,3.02578
32.4943500477,1.10156,0.0304531,3.04531
32.5175000477,1.10156,0.0296719,2.96719
32.5406500477,1.10156,0.0304531,3.04531
32.5638000477,1.0625,0.031039,3.1039
32.5869500477,1.0625,0.0294766,2.94766
32.6101000477,1.0625,0.0302578,3.02578
32.6332500477,1.10156,0.0290859,2.90859
32.6564000477,1.10156,0.0285,2.85
32.6795500477,1.0625,0.0300625,3.00625
32.7027000477,1.0625,0.0281094,2.81094
32.7258500477,1.10156,0.0288906,2.88906
32.7490000477,1.0625,0.0292812,2.92812
32.7721500477,1.0625,0.0281094,2.81094
32.7953000477,1.0625,0.0294766,2.94766
32.8184500477,1.0625,0.0283047,2.83047
32.8416000477,1.0625,0.0290859,2.90859
32.8647500477,1.0625,0.0290859,2.90859
32.8879000477,1.0625,0.027914,2.7914
32.9110500477,1.0625,0.0285,2.85
32.9342000477,1.0625,0.0283047,2.83047
32.9573500477,1.0625,0.0285,2.85
32.9805000477,1.0625,0.0296719,2.96719
33.0036500477,1.0625,0.0285,2.85
33.0268000477,1.0625,0.0288906,2.88906
33.0499500477,1.0625,0.0281094,2.81094
33.0731000477,1.0625,0.0273281,2.73281
33.0962500477,1.0625,0.0283047,2.83047
33.1194000477,1.0625,0.0269375,2.69375
33.1425500477,1.0625,0.027914,2.7914
33.1657000477,1.0625,0.0271328,2.71328
33.1888500477,1.0625,0.0261562,2.61562
33.2120000477,1.0625,0.027914,2.7914
33.2351500477,1.0625,0.0267422,2.67422
33.2583000477,1.0625,0.0269375,2.69375
33.2814500477,1.0625,0.0273281,2.73281
33.3046000477,1.0625,0.025375,2.5375
33.3277500477,1.0625,0.0269375,2.69375
33.3509000477,1.0625,0.0261562,2.61562
33.3740500477,1.0625,0.0259609,2.59609
33.3972000477,1.0625,0.0255703,2.55703
33.4203500477,1.0625,0.0236172,2.36172
33.4435000477,1.0625,0.0255703,2.55703
33.4666500477,1.0625,0.0255703,2.55703
33.4898000477,1.0625,0.0249844,2.49844
33.5129500477,1.0625,0.0263515,2.63515
33.5361000477,1.0625,0.024789,2.4789
33.5592500477,1.0625,0.0255703,2.55703
33.5824000477,1.0625,0.025375,2.5375
33.6055500477,1.0625,0.0243984,2.43984
33.6287000477,1.0625,0.0259609,2.59609
33.6518500477,1.0625,0.024789,2.4789
33.6750000477,1.0625,0.0249844,2.49844
33.6981500477,1.0625,0.0245937,2.45937
33.7213000477,1.0625,0.0232266,2.32266
33.7444500477,1.0625,0.024789,2.4789
33.7676000477,1.0625,0.0238125,2.38125
33.7907500477,1.0625,0.0234219,2.34219
33.8139000477,1.0625,0.0245937,2.45937
33.8370500477,1.0625,0.0230312,2.30312
33.8602000477,1.0625,0.0243984,2.43984
33.8833500477,1.0625,0.0243984,2.43984
33.9065000477,1.0625,0.0234219,2.34219
33.9296500477,1.0625,0.0243984,2.43984
33.9528000477,1.02344,0.0226406,2.26406
33.9759500477,1.0625,0.0232266,2.32266
33.9991000477,1.0625,0.0234219,2.34219
34.0222500477,1.0625,0.0202969,2.02969
34.0454000477,1.02344,0.0214687,2.14687
34.0685500477,1.02344,0.0212734,2.12734
34.0917000477,1.02344,0.0218593,2.18593
34.1148500477,1.02344,0.0220547,2.20547
34.1380000477,1.02344,0.0210781,2.10781
34.1611500477,1.02344,0.0220547,2.20547
34.1843000477,1.02344,0.0214687,2.14687
34.2074500477,1.02344,0.0206875,2.06875
34.2306000477,1.02344,0.02225,2.225
34.2537500477,1.02344,0.0202969,2.02969
34.2769000477,1.02344,0.0206875,2.06875
34.3000500477,1.02344,0.0199062,1.99062
34.3232000477,1.02344,0.0193203,1.93203
34.3463500477,1.02344,0.0210781,2.10781
34.3695000477,1.02344,0.0199062,1.99062
34.3926500477,1.02344,0.0208828,2.08828
34.4158000477,1.02344,0.0218593,2.18593
34.4389500477,1.02344,0.0204922,2.04922
34.4621000477,1.02344,0.0212734,2.12734
34.4852500477,1.02344,0.0199062,1.99062
34.5084000477,1.02344,0.0202969,2.02969
34.5315500477,1.02344,0.0208828,2.08828
34.5547000477,1.02344,0.0197109,1.97109
34.5778500477,1.02344,0.0202969,2.02969
34.6010000477,1.02344,0.019125,1.9125
34.6241500477,1.02344,0.019125,1.9125
34.6473000477,1.02344,0.0204922,2.04922
34.6704500477,1.02344,0.0189297,1.89297
34.6936000477,1.02344,0.0199062,1.99062
34.7167500477,1.02344,0.0201015,2.01015
34.7399000477,1.02344,0.0181484,1.81484
34.7630500477,1.02344,0.0193203,1.93203
34.7862000477,1.02344,0.0179531,1.79531
34.8093500477,1.02344,0.0187344,1.87344
34.8325000477,1.02344,0.0195156,1.95156
34.8556500477,1.02344,0.0181484,1.81484
34.8788000477,1.02344,0.0195156,1.95156
34.9019500477,1.02344,0.018539,1.8539
34.9251000477,1.0625,0.0181484,1.81484
34.9482500477,1.0625,0.0187344,1.87344
34.9714000477,1.02344,0.0175625,1.75625
34.9945500477,1.02344,0.0187344,1.87344
35.0177000477,1.02344,0.0179531,1.79531
35.0408500477,1.02344,0.0161953,1.61953
35.0640000477,1.02344,0.0169765,1.69765
35.0871500477,1.02344,0.016,1.6
35.1103000477,1.02344,0.0175625,1.75625
35.1334500477,1.02344,0.0177578,1.77578
35.1566000477,1.02344,0.0171719,1.71719
35.1797500477,1.02344,0.0183437,1.83437
35.2029000477,1.02344,0.0165859,1.65859
35.2260500477,1.02344,0.0171719,1.71719
35.2492000477,1.02344,0.0173672,1.73672
35.2723500477,1.02344,0.0152187,1.52187
35.2955000477,1.02344,0.0163906,1.63906
35.3186500477,1.02344,0.0158047,1.58047
35.3418000477,1.02344,0.0152187,1.52187
35.3649500477,1.02344,0.0161953,1.61953
35.3881000477,1.02344,0.0148281,1.48281
35.4112500477,1.02344,0.016,1.6
35.4344000477,1.02344,0.0158047,1.58047
35.4575500477,1.02344,0.0152187,1.52187
35.4807000477,1.02344,0.0163906,1.63906
35.5038500477,1.02344,0.0148281,1.48281
35.5270000477,1.02344,0.0152187,1.52187
35.5501500477,1.02344,0.0154141,1.54141
35.5733000477,1.02344,0.0144375,1.44375
35.5964500477,1.02344,0.016,1.6
35.6196000477,1.02344,0.0146328,1.46328
35.6427500477,1.02344,0.0150234,1.50234
35.6659000477,0.984375,0.0156094,1.56094
35.6890500477,1.02344,0.0140468,1.40468
35.7122000477,1.02344,0.0158047,1.58047
35.7353500477,1.02344,0.0152187,1.52187
35.7585000477,1.02344,0.0150234,1.50234
35.7816500477,1.02344,0.0158047,1.58047
35.8048000477,1.02344,0.0138516,1.38516
35.8279500477,1.02344,0.0150234,1.50234
35.8511000477,1.02344,0.0144375,1.44375
35.8742500477,1.02344,0.0134609,1.34609
35.8974000477,1.02344,0.0148281,1.48281
35.9205500477,1.02344,0.0136562,1.36562
35.9437000477,1.02344,0.0142422,1.42422
35.9668500477,1.02344,0.0142422,1.42422
35.9900000477,1.02344,0.012875,1.2875
36.0131500477,1.02344,0.0142422,1.42422
36.0363000477,1.02344,0.0126797,1.26797
36.0594500477,1.02344,0.012875,1.2875
36.0826000477,1.02344,0.0134609,1.34609
36.1057500477,1.02344,0.0120937,1.20937
36.1289000477,0.984375,0.0134609,1.34609
36.1520500477,1.02344,0.0126797,1.26797
36.1752000477,1.02344,0.0124844,1.24844
36.1983500477,1.02344,0.0138516,1.38516
36.2215000477,1.02344,0.0124844,1.24844
36.2446500477,1.02344,0.0136562,1.36562
36.2678000477,0.984375,0.012875,1.2875
36.2909500477,0.984375,0.0115078,1.15078
36.3141000477,0.984375,0.012289,1.2289
36.3372500477,0.984375,0.0107265,1.07265
36.3604000477,0.984375,0.0120937,1.20937
36.3835500477,0.984375,0.0124844,1.24844
36.4067000477,0.984375,0.0111172,1.11172
36.4298500477,0.984375,0.0126797,1.26797
36.4530000477,0.984375,0.0109219,1.09219
36.4761500477,0.984375,0.0113125,1.13125
36.4993000477,0.984375,0.0124844,1.24844
36.5224500477,0.984375,0.0105312,1.05312
36.5456000477,0.984375,0.0113125,1.13125
36.5687500477,0.984375,0.0109219,1.09219
36.5919000477,0.984375,0.0107265,1.07265
36.6150500477,0.984375,0.0113125,1.13125
36.6382000477,0.984375,0.00935936,0.935936
36.6613500477,0.984375,0.0107265,1.07265
36.6845000477,0.984375,0.0105312,1.05312
36.7076500477,0.984375,0.00974998,0.974998
36.7308000477,0.984375,0.0105312,1.05312
36.7539500477,0.984375,0.00896874,0.896874
36.7771000477,0.984375,0.00955468,0.955468
36.8002500477,0.984375,0.0101406,1.01406
36.8234000477,0.984375,0.00877342,0.877342
36.8465500477,0.984375,0.0109219,1.09219
36.8697000477,0.984375,0.00974998,0.974998
36.8928500477,0.984375,0.00974998,0.974998
36.9160000477,0.984375,0.0109219,1.09219
36.9391500477,0.984375,0.00896874,0.896874
36.9623000477,0.984375,0.0103359,1.03359
36.9854500477,0.984375,0.00955468,0.955468
37.0086000477,0.984375,0.00916404,0.916404
37.0317500477,0.984375,0.0103359,1.03359
37.0549000477,0.984375,0.0083828,0.83828
37.0780500477,0.984375,0.00935936,0.935936
37.1012000477,0.984375,0.00935936,0.935936
37.1243500477,0.984375,0.00799218,0.799218
37.1475000477,0.984375,0.00955468,0.955468
37.1706500477,0.984375,0.0083828,0.83828
37.1938000477,0.984375,0.00916404,0.916404
37.2169500477,0.984375,0.00955468,0.955468
37.2401000477,0.984375,0.00818747,0.818747
37.2632500477,0.984375,0.00974998,0.974998
37.2864000477,0.984375,0.00818747,0.818747
37.3095500477,0.984375,0.00799218,0.799218
37.3327000477,0.984375,0.00935936,0.935936
37.3558500477,0.984375,0.00799218,0.799218
37.3790000477,0.984375,0.00896874,0.896874
37.4021500477,0.984375,0.00818747,0.818747
37.4253000477,0.984375,0.00721091,0.721091
37.4484500477,0.984375,0.00799218,0.799218
37.4716000477,0.984375,0.00642967,0.642967
37.4947500477,0.984375,0.00779685,0.779685
37.5179000477,0.984375,0.00721091,0.721091
37.5410500477,0.984375,0.00584373,0.584373
37.5642000477,0.984375,0.00740623,0.740623
37.5873500477,0.984375,0.00623435,0.623435
37.6105000477,0.984375,0.00525779,0.525779
37.6336500477,0.984375,0.006625,0.6625
37.6568000477,0.984375,0.00584373,0.584373
37.6799500477,0.984375,0.00760156,0.760156
37.7031000477,0.984375,0.00721091,0.721091
37.7262500477,0.984375,0.00701562,0.701562
37.7494000477,0.984375,0.00760156,0.760156
37.7725500477,0.984375,0.00506249,0.506249
37.7957000477,0.984375,0.00701562,0.701562
37.8188500477,0.984375,0.00682029,0.682029
37.8420000477,0.984375,0.00623435,0.623435
37.8651500477,0.984375,0.00779685,0.779685
37.8883000477,0.984375,0.00623435,0.623435
37.9114500477,0.984375,0.00701562,0.701562
37.9346000477,0.984375,0.00701562,0.701562
37.9577500477,0.984375,0.00564843,0.564843
37.9809000477,0.984375,0.00701562,0.701562
38.0040500477,0.984375,0.00525779,0.525779
38.0272000477,0.984375,0.00506249,0.506249
38.0503500477,0.984375,0.00642967,0.642967
38.0735000477,0.984375,0.00506249,0.506249
38.0966500477,0.984375,0.00642967,0.642967
38.1198000477,0.984375,0.00584373,0.584373
38.1429500477,0.984375,0.00545311,0.545311
38.1661000477,0.984375,0.00701562,0.701562
38.1892500477,0.984375,0.00486717,0.486717
38.2124000477,0.984375,0.00584373,0.584373
38.2355500477,0.984375,0.00545311,0.545311
38.2587000477,0.984375,0.00447655,0.447655
38.2818500477,0.984375,0.00623435,0.623435
38.3050000477,0.984375,0.00447655,0.447655
38.3281500477,0.984375,0.00506249,0.506249
38.3513000477,0.984375,0.00467187,0.467187
38.3744500477,0.984375,0.00330466,0.330466
38.3976000477,0.984375,0.00447655,0.447655
38.4207500477,0.984375,0.00369531,0.369531
38.4439000477,0.984375,0.00447655,0.447655
38.4670500477,0.984375,0.00545311,0.545311
38.4902000477,0.984375,0.0038906,0.38906
38.5133500477,0.984375,0.00506249,0.506249
38.5365000477,0.984375,0.00447655,0.447655
38.5596500477,0.984375,0.0038906,0.38906
38.5828000477,0.984375,0.00447655,0.447655
38.6059500477,0.984375,0.00330466,0.330466
38.6291000477,0.984375,0.00467187,0.467187
38.6522500477,0.984375,0.00428122,0.428122
38.6754000477,0.984375,0.00369531,0.369531
38.6985500477,0.984375,0.00486717,0.486717
38.7217000477,0.945313,0.00349998,0.349998
38.7448500477,0.984375,0.00447655,0.447655
38.7680000477,0.984375,0.00486717,0.486717
38.7911500477,0.984375,0.00330466,0.330466
38.8143000477,0.984375,0.00486717,0.486717
38.8374500477,0.984375,0.00349998,0.349998
38.8606000477,0.984375,0.00349998,0.349998
38.8837500477,0.984375,0.00447655,0.447655
38.9069000477,0.984375,0.00271875,0.271875
38.9300500477,0.984375,0.00408593,0.408593
38.9532000477,0.945313,0.00291404,0.291404
38.9763500477,0.945313,0.00252342,0.252342
38.9995000477,0.945313,0.00428122,0.428122
39.0226500477,0.945313,0.0021328,0.21328
39.0458000477,0.945313,0.0023281,0.23281
39.0689500477,0.984375,0.00174218,0.174218
39.0921000477,0.984375,0.000570297,0.0570297
39.1152500477,0.945313,0.00310937,0.310937
39.1384000477,0.984375,0.00174218,0.174218
39.1615500477,0.984375,0.0023281,0.23281
39.1847000477,0.984375,0.00291404,0.291404
39.2078500477,0.945313,0.00135154,0.135154
39.2310000477,0.945313,0.00349998,0.349998
39.2541500477,0.984375,0.0021328,0.21328
39.2773000477,0.945313,0.00174218,0.174218
39.3004500477,0.945313,0.00310937,0.310937
39.3236000477,0.984375,0.00115624,0.115624
39.3467500477,0.945313,0.00330466,0.330466
39.3699000477,0.945313,0.00271875,0.271875
39.3930500477,0.945313,0.00154686,0.154686
39.4162000477,0.945313,0.00291404,0.291404
39.4393500477,0.945313,0.00135154,0.135154
39.4625000477,0.945313,0.0023281,0.23281
39.4856500477,0.945313,0.00271875,0.271875
39.5088000477,0.945313,0.000960916,0.0960916
39.5319500477,0.945313,0.00271875,0.271875
39.5551000477,0.945313,0.000570297,0.0570297
39.5782500477,0.945313,0.00135154,0.135154
39.6014000477,0.945313,0.0021328,0.21328
39.6245500477,0.945313,0.000179678,0.0179678
39.6477000477,0.945313,0.00193748,0.193748
39.6708500477,0.945313,0.000960916,0.0960916
39.6940000477,0.945313,0.000374973,0.0374973
39.7171500477,0.945313,0.00174218,0.174218
39.7403000477,0.945313,-1.56462E-05,-0.00156462
39.7634500477,0.945313,0.00193748,0.193748
39.7866000477,0.945313,0.00174218,0.174218
39.8097500477,0.945313,0.000765622,0.0765622
39.8329000477,0.945313,0.0021328,0.21328
39.8560500477,0.945313,0.000374973,0.0374973
39.8792000477,0.945313,0.00174218,0.174218
39.9023500477,0.945313,0.00193748,0.193748
39.9255000477,0.945313,0.000374973,0.0374973
39.9486500477,0.945313,0.0021328,0.21328
39.9718000477,0.945313,0.000570297,0.0570297
39.9949500477,0.945313,0.000765622,0.0765622
40.0181000477,0.945313,0.00174218,0.174218
40.0412500477,0.945313,-0.000210941,-0.0210941
40.0644000477,0.945313,0.00154686,0.154686
40.0875500477,0.945313,0.000960916,0.0960916
40.1107000477,0.945313,0.000570297,0.0570297
40.1338500477,0.945313,0.00174218,0.174218
40.1570000477,0.945313,-0.000210941,-0.0210941
40.1801500477,0.945313,0.00115624,0.115624
40.2033000477,0.945313,0.00115624,0.115624
40.2264500477,0.945313,0.000374973,0.0374973
40.2496000477,0.945313,0.00174218,0.174218
40.2727500477,0.945313,-0.000210941,-0.0210941
40.2959000477,0.945313,0.000765622,0.0765622
40.3190500477,0.945313,0.000765622,0.0765622
40.3422000477,0.945313,-0.00060159,-0.060159
40.3653500477,0.945313,0.00174218,0.174218
40.3885000477,0.945313,-1.56462E-05,-0.00156462
40.4116500477,0.945313,0.000374973,0.0374973
40.4348000477,0.945313,0.000960916,0.0960916
40.4579500477,0.945313,-0.000796884,-0.0796884
40.4811000477,0.945313,0.000960916,0.0960916
40.5042500477,0.945313,-1.56462E-05,-0.00156462
40.5274000477,0.945313,-0.00060159,-0.060159
40.5505500477,0.945313,0.000960916,0.0960916
40.5737000477,0.945313,-0.0011875,-0.11875
40.5968500477,0.945313,-0.000210941,-0.0210941
40.6200000477,0.945313,-1.56462E-05,-0.00156462
40.6431500477,0.945313,-0.00138283,-0.138283
40.6663000477,0.945313,0.000179678,0.0179678
40.6894500477,0.945313,-0.0011875,-0.11875
40.7126000477,0.945313,-0.00060159,-0.060159
40.7357500477,0.945313,-0.000406265,-0.0406265
40.7589000477,0.945313,-0.00138283,-0.138283
40.7820500477,0.945313,0.000765622,0.0765622
40.8052000477,0.945313,-0.00060159,-0.060159
40.8283500477,0.945313,-0.000796884,-0.0796884
40.8515000477,0.945313,0.000570297,0.0570297
40.8746500477,0.945313,-0.00138283,-0.138283
40.8978000477,0.945313,-0.000210941,-0.0210941
40.9209500477,0.945313,-0.0011875,-0.11875
40.9441000477,0.945313,-0.00157815,-0.157815
40.9672500477,0.945313,0.000179678,0.0179678
40.9904000477,0.945313,-0.00235939,-0.235939
41.0135500477,0.945313,-0.0011875,-0.11875
41.0367000477,0.945313,-0.00157815,-0.157815
41.0598500477,0.945313,-0.00294533,-0.294533
41.0830000477,0.945313,-0.00060159,-0.060159
41.1061500477,0.945313,-0.00216407,-0.216407
41.1293000477,0.945313,-0.00157815,-0.157815
41.1524500477,0.945313,-0.000992209,-0.0992209
41.1756000477,0.945313,-0.00275001,-0.275001
41.1987500477,0.945313,-0.00138283,-0.138283
41.2219000477,0.945313,-0.00255471,-0.255471
41.2450500477,0.945313,-0.00235939,-0.235939
41.2682000477,0.945313,-0.000796884,-0.0796884
41.2913500477,0.945313,-0.00294533,-0.294533
41.3145000477,0.945313,-0.0011875,-0.11875
41.3376500477,0.945313,-0.00216407,-0.216407
41.3608000477,0.945313,-0.00275001,-0.275001
41.3839500477,0.945313,-0.0011875,-0.11875
41.4071000477,0.945313,-0.00294533,-0.294533
41.4302500477,0.945313,-0.00157815,-0.157815
41.4534000477,0.945313,-0.00138283,-0.138283
41.4765500477,0.945313,-0.00255471,-0.255471
41.4997000477,0.945313,-0.00138283,-0.138283
41.5228500477,0.945313,-0.00314063,-0.314063
41.5460000477,0.945313,-0.00275001,-0.275001
41.5691500477,0.945313,-0.00177345,-0.177345
41.5923000477,0.90625,-0.00372657,-0.372657
41.6154500477,0.945313,-0.00177345,-0.177345
41.6386000477,0.90625,-0.00275001,-0.275001
41.6617500477,0.945313,-0.00275001,-0.275001
41.6849000477,0.945313,-0.00177345,-0.177345
41.7080500477,0.945313,-0.00333595,-0.333595
41.7312000477,0.945313,-0.00157815,-0.157815
41.7543500477,0.945313,-0.00216407,-0.216407
41.7775000477,0.945313,-0.00314063,-0.314063
41.8006500477,0.945313,-0.00196877,-0.196877
41.8238000477,0.945313,-0.00450784,-0.450784
41.8469500477,0.945313,-0.00314063,-0.314063
41.8701000477,0.945313,-0.00235939,-0.235939
41.8932500477,0.945313,-0.00314063,-0.314063
41.9164000477,0.945313,-0.000992209,-0.0992209
41.9395500477,0.945313,-0.00275001,-0.275001
41.9627000477,0.945313,-0.00235939,-0.235939
41.9858500477,0.945313,-0.00177345,-0.177345
42.0090000477,0.945313,-0.0039219,-0.39219
42.0321500477,0.945313,-0.00255471,-0.255471
42.0553000477,0.945313,-0.00314063,-0.314063
42.0784500477,0.945313,-0.00294533,-0.294533
42.1016000477,0.945313,-0.00157815,-0.157815
42.1247500477,0.945313,-0.0039219,-0.39219
42.1479000477,0.945313,-0.00235939,-0.235939
42.1710500477,0.945313,-0.00255471,-0.255471
42.1942000477,0.945313,-0.00372657,-0.372657
42.2173500477,0.945313,-0.00196877,-0.196877
42.2405000477,0.945313,-0.0039219,-0.39219
42.2636500477,0.945313,-0.00294533,-0.294533
42.2868000477,0.945313,-0.00235939,-0.235939
42.3099500477,0.945313,-0.00353128,-0.353128
42.3331000477,0.945313,-0.00196877,-0.196877
42.3562500477,0.945313,-0.00333595,-0.333595
42.3794000477,0.945313,-0.00314063,-0.314063
42.4025500477,0.945313,-0.00275001,-0.275001
42.4257000477,0.945313,-0.00489846,-0.489846
42.4488500477,0.945313,-0.00275001,-0.275001
42.4720000477,0.945313,-0.00333595,-0.333595
42.4951500477,0.945313,-0.00372657,-0.372657
42.5183000477,0.945313,-0.00255471,-0.255471
42.5414500477,0.90625,-0.00450784,-0.450784
42.5646000477,0.945313,-0.00314063,-0.314063
42.5877500477,0.945313,-0.00314063,-0.314063
42.6109000477,0.945313,-0.00431252,-0.431252
42.6340500477,0.945313,-0.00216407,-0.216407
42.6572000477,0.945313,-0.0039219,-0.39219
42.6803500477,0.945313,-0.00333595,-0.333595
42.7035000477,0.945313,-0.00294533,-0.294533
42.7266500477,0.90625,-0.00431252,-0.431252
42.7498000477,0.90625,-0.00255471,-0.255471
42.7729500477,0.90625,-0.00411719,-0.411719
42.7961000477,0.945313,-0.0039219,-0.39219
42.8192500477,0.945313,-0.00294533,-0.294533
42.8424000477,0.945313,-0.00509375,-0.509375
42.8655500477,0.945313,-0.00333595,-0.333595
42.8887000477,0.945313,-0.00353128,-0.353128
42.9118500477,0.945313,-0.00489846,-0.489846
42.9350000477,0.945313,-0.00372657,-0.372657
42.9581500477,0.90625,-0.00607032,-0.607032
42.9813000477,0.90625,-0.00489846,-0.489846
43.0044500477,0.90625,-0.00528908,-0.528908
43.0276000477,0.90625,-0.00607032,-0.607032
43.0507500477,0.90625,-0.00333595,-0.333595
43.0739000477,0.90625,-0.00450784,-0.450784
43.0970500477,0.90625,-0.0039219,-0.39219
43.1202000477,0.90625,-0.00353128,-0.353128
43.1433500477,0.90625,-0.0056797,-0.56797
43.1665000477,0.90625,-0.0039219,-0.39219
43.1896500477,0.90625,-0.00489846,-0.489846
43.2128000477,0.90625,-0.00489846,-0.489846
43.2359500477,0.90625,-0.00294533,-0.294533
43.2591000477,0.90625,-0.00489846,-0.489846
43.2822500477,0.90625,-0.00333595,-0.333595
43.3054000477,0.90625,-0.00372657,-0.372657
43.3285500477,0.90625,-0.00450784,-0.450784
43.3517000477,0.90625,-0.00353128,-0.353128
43.3748500477,0.90625,-0.00587502,-0.587502
43.3980000477,0.90625,-0.00470313,-0.470313
43.4211500477,0.90625,-0.00450784,-0.450784
43.4443000477,0.90625,-0.00509375,-0.509375
43.4674500477,0.90625,-0.00353128,-0.353128
43.4906000477,0.90625,-0.0056797,-0.56797
43.5137500477,0.90625,-0.00489846,-0.489846
43.5369000477,0.90625,-0.0039219,-0.39219
43.5600500477,0.90625,-0.00626564,-0.626564
43.5832000477,0.90625,-0.0039219,-0.39219
43.6063500477,0.90625,-0.00509375,-0.509375
43.6295000477,0.90625,-0.00528908,-0.528908
43.6526500477,0.90625,-0.00353128,-0.353128
43.6758000477,0.90625,-0.0056797,-0.56797
43.6989500477,0.90625,-0.00411719,-0.411719
43.7221000477,0.90625,-0.00470313,-0.470313
43.7452500477,0.90625,-0.0056797,-0.56797
43.7684000477,0.90625,-0.0039219,-0.39219
43.7915500477,0.90625,-0.0056797,-0.56797
43.8147000477,0.90625,-0.00411719,-0.411719
43.8378500477,0.90625,-0.00372657,-0.372657
43.8610000477,0.90625,-0.00587502,-0.587502
43.8841500477,0.90625,-0.00431252,-0.431252
43.9073000477,0.90625,-0.0054844,-0.54844
43.9304500477,0.90625,-0.0054844,-0.54844
43.9536000477,0.90625,-0.00489846,-0.489846
43.9767500477,0.90625,-0.00607032,-0.607032
43.9999000477,0.90625,-0.00411719,-0.411719
44.0230500477,0.90625,-0.00509375,-0.509375
44.0462000477,0.90625,-0.0054844,-0.54844
44.0693500477,0.90625,-0.00431252,-0.431252
44.0925000477,0.90625,-0.00607032,-0.607032
44.1156500477,0.90625,-0.00450784,-0.450784
44.1388000477,0.90625,-0.00489846,-0.489846
44.1619500477,0.90625,-0.00607032,-0.607032
44.1851000477,0.90625,-0.00431252,-0.431252
44.2082500477,0.90625,-0.00665626,-0.665626
44.2314000477,0.90625,-0.0056797,-0.56797
44.2545500477,0.90625,-0.0054844,-0.54844
44.2777000477,0.90625,-0.00685158,-0.685158
44.3008500477,0.90625,-0.00470313,-0.470313
44.3240000477,0.90625,-0.0056797,-0.56797
44.3471500477,0.90625,-0.00528908,-0.528908
44.3703000477,0.90625,-0.00450784,-0.450784
44.3934500477,0.90625,-0.00646096,-0.646096
44.4166000477,0.90625,-0.00450784,-0.450784
44.4397500477,0.90625,-0.00587502,-0.587502
44.4629000477,0.90625,-0.00743753,-0.743753
44.4860500477,0.90625,-0.0054844,-0.54844
44.5092000477,0.90625,-0.00685158,-0.685158
44.5323500477,0.90625,-0.00587502,-0.587502
44.5555000477,0.90625,-0.0056797,-0.56797
44.5786500477,0.90625,-0.00646096,-0.646096
44.6018000477,0.90625,-0.00470313,-0.470313
44.6249500477,0.90625,-0.00646096,-0.646096
44.6481000477,0.90625,-0.0054844,-0.54844
44.6712500477,0.90625,-0.00489846,-0.489846
44.6944000477,0.90625,-0.00665626,-0.665626
44.7175500477,0.90625,-0.00470313,-0.470313
44.7407000477,0.90625,-0.00646096,-0.646096
44.7638500477,0.90625,-0.00665626,-0.665626
44.7870000477,0.90625,-0.00509375,-0.509375
44.8101500477,0.90625,-0.00685158,-0.685158
44.8333000477,0.90625,-0.00470313,-0.470313
44.8564500477,0.90625,-0.00509375,-0.509375
44.8796000477,0.90625,-0.00607032,-0.607032
44.9027500477,0.90625,-0.00489846,-0.489846
44.9259000477,0.90625,-0.00646096,-0.646096
44.9490500477,0.90625,-0.00489846,-0.489846
44.9722000477,0.90625,-0.0056797,-0.56797
44.9953500477,0.90625,-0.00704688,-0.704688
45.0185000477,0.90625,-0.00528908,-0.528908
45.0416500477,0.90625,-0.00646096,-0.646096
45.0648000477,0.90625,-0.00587502,-0.587502
45.0879500477,0.90625,-0.00509375,-0.509375
45.1111000477,0.90625,-0.00685158,-0.685158
45.1342500477,0.90625,-0.00509375,-0.509375
45.1574000477,0.90625,-0.00685158,-0.685158
